Workbook

Sheet angajati
A1: id_angajat | B1: nume | C1: prenume | D1: gen | E1: data_nasterii | F1: data_angajarii | G1: id_departament | H1: functie | I1: nivel | J1: oras | K1: tip_contract | L1: salariu_brut_lunar | M1: status | N1: data_plecarii | O1: motiv_plecare | P1: email
A2: 1081 | B2: VOICU | C2: Bianca | D2: F | E2: 29381 | F2: 43120 | G2: 60 | H2: Manager Suport Clienți | I2: Manager | J2: București | K2: Full-time | M2: Plecat | N2: 45006 | O2: Relația cu managerul | P2: bianca.voicu081@technova.ro
A3: 1074 | B3: Nistor | C3: Cristian | D3: Masculin | E3: 35862 | F3: 45497 | G3: 60 | H3: Operator Call Center | I3: Mid | J3: Timișoara | K3: Full-time | L3: 4100 | M3: Activ | P3: cristian.nistor074@technova.ro
A4: 1135 | B4: Voicu | C4: Radu | D4: M | E4: 27401 | F4: 43248 | G4: 70 | H4: Coordonator Logistică | I4: Senior | J4: București | K4: Part-time | L4: 7800 | M4: Activ | P4: radu.voicu135@technova.ro
A5: 1473 | B5: Popescu | C5: Florin | D5: M | E5: 34233 | F5: 43666 | G5: 10 | H5: Tester QA | I5: Junior | J5: Cluj-Napoca | K5: Full-time | L5: 6100 | M5: Activ | P5: florin.popescu473@technova.ro
A6: 1145 | B6: Constantin | C6: Florin | D6: M | E6: 34452 | F6: 44808 | G6: 10 | H6: Analist IT | I6: Senior | J6: București | K6: Full-time | L6: 14500 | M6: Activ | P6: florin.constantin145@technova.ro
A7: 1038 | B7: Constantin | C7: Simona | D7: F | E7: 33039 | F7: 42929 | G7: 60 | H7: Manager Suport Clienți | I7: Manager | J7: Iași | K7: Full-time | L7: 8000 | M7: Activ | P7: simona.constantin038@technova.ro
A8: 1167 | B8: Barbu | C8: Cristian | D8: M | E8: 28122 | F8: 45662 | G8: 30 | H8: Content Creator | I8: Mid | J8: București | K8: Part-time | L8: 5950 | M8: Activ | P8: cristian.barbu167@technova.ro
A9: 1106 | B9: Sandu | C9: Andreea | D9: F | E9: 32723 | F9: 45296 | G9: 20 | H9: Manager Vânzări | I9: Manager | J9: bucuresti | K9: Full-time | L9: 11700 | M9: Plecat | N9: 45811 | O9: Relocare | P9: andreea.sandu106@technova.ro
A10: 1082 | B10: Matei | C10: Ana | D10: F | E10: 29015 | F10: 43499 | G10: 70 | H10: Coordonator Logistică | I10: Senior | J10: Timișoara | K10: Full-time | L10: 6300 | M10: Activ | P10: ana.matei082@technova.ro
A11: 1282 | B11: Preda | C11: Ana | D11: F | E11: 32317 | F11: 45792 | G11: 20 | H11: Agent Vânzări | I11: Mid | J11: București | K11: Full-time | L11: 5650 | M11: Activ | P11: ana.preda282@technova.ro
A12: 1189 | B12: Florea | C12: Florin | D12: M | E12: 32560 | F12: 43703 | G12: 50 | H12: Contabil | I12: Senior | J12: București | K12: Full-time | L12: 10200 | M12: Activ | P12: florin.florea189@technova.ro
A13: 1225 | B13: Marin | C13: Simona | D13: F | E13: 32621 | F13: 43376 | G13: 70 | H13: Manager Operațiuni | I13: Manager | J13: Timișoara | K13: Full-time | L13: 9550 | M13: Activ | P13: simona.marin225@technova.ro
A14: 1133 | B14: CONSTANTIN | C14: Ana | D14: F | E14: 34006 | F14: 43835 | G14: 60 | H14: Specialist Suport | I14: Junior | J14: Iași | K14: Full-time | L14: 2750 | M14: Activ | P14: ana.constantin133@technova.ro
A15: 1267 | B15: Ionescu | C15: Mihai | D15: M | E15: 32646 | F15: 42689 | G15: 30 | H15: Content Creator | I15: Mid | J15: Cluj-Napoca | K15: Full-time | L15: 6700 | M15: Activ | P15: mihai.ionescu267@technova.ro
A16: 1137 | B16: Voicu | C16: Bianca | D16: F | E16: 27309 | F16: 45771 | G16: 30 | H16: Content Creator | I16: Senior | J16: București | K16: Part-time | L16: 8900 | M16: Activ | P16: bianca.voicu137@technova.ro
A17: 1365 | B17: Stoica | C17: Radu | D17: M | E17: 32316 | F17: 45097 | G17: 70 | H17: Coordonator Logistică | I17: Junior | J17: Timișoara | K17: Full-time | L17: 3200 | M17: Activ | P17: radu.stoica365@technova.ro
A18: 1475 | B18: Constantin | C18: Bianca | D18: F | E18: 29213 | F18: 42724 | G18: 10 | H18: Programator | I18: Senior | J18: București | K18: Full-time | L18: 12350 | M18: Activ | P18: bianca.constantin475@technova.ro
A19: 1028 | B19: Oprea | C19: Diana | D19: F | E19: 29943 | F19: 43945 | G19: 70 | H19: Coordonator Logistică | I19: Mid | J19: Timișoara | K19: Full-time | L19: 4550 | M19: Activ | P19: diana.oprea028@technova.ro
A20: 1274 | B20: Dobre | C20: Simona | D20: F | E20: 33086 | F20: 44939 | G20: 10 | H20: Programator | I20: Mid | J20: București | K20: Full-time | L20: 9200 | M20: Activ | P20: simona.dobre274@technova.ro
A21: 1333 | B21: Stan | C21: Robert | D21: m | E21: 34085 | F21: 44036 | G21: 60 | H21: Specialist Suport | I21: Mid | J21: Iași | K21: Full-time | L21: 4300 | M21: Activ | P21: robert.stan333@technova.ro
... A23: 1191 | B23: Munteanu | C23: Bianca | D23: F | E23: 27885 | F23: 45518 | G23: 40 | H23: Specialist HR | I23: Mid | J23: București | K23: Full-time | L23: 6100 | M23: Activ | P23: bianca.munteanu191@technova.ro
A24: 1322 | B24: Stan | C24: Robert | D24: M | E24: 30718 | F24: 42689 | G24: 20 | H24: Key Account Manager | I24: Mid | J24: București | K24: Full-time | L24: 5700 | M24: Plecat | N24: 44180 | O24: Salariu mai bun în altă parte | P24: robert.stan322@technova.ro
A25: 1403 | B25: Popescu | C25: Ionuț | D25: M | E25: 27222 | F25: 43492 | G25: 10 | H25: DevOps Engineer | I25: Senior | J25: București | K25: Full-time | L25: 14650 | M25: Activ | P25: ionut.popescu403@technova.ro
A26: 1058 | B26: Ionescu | C26: Bogdan | D26: M | E26: 28282 | F26: 43315 | G26: 70 | H26: Coordonator Logistică | I26: Senior | J26: Timișoara | K26: Full-time | L26: 8150 | M26: Activ | P26: bogdan.ionescu058@technova.ro
A27: 1300 | B27: Dinu | C27: Marius | D27: M | E27: 36678 | F27: 44467 | G27: 30 | H27: Content Creator | I27: Junior | J27: Cluj-Napoca | K27: Full-time | L27: 3400 | M27: Activ | P27: marius.dinu300@technova.ro
A28: 1125 | B28: Toma | C28: Robert | D28: M | E28: 35131 | F28: 43222 | G28: 70 | H28: Specialist Operațiuni | I28: Mid | J28: Timișoara | K28: Full-time | L28: 5450 | M28: Plecat | N28: 44578 | O28: Lipsa oportunităților de promovare | P28: robert.toma125@technova.ro
A29: 1318 | B29: Florea | C29: Denisa | D29: F | E29: 29751 | F29: 44298 | G29: 40 | H29: Recruiter | I29: Mid | J29: București | K29: Full-time | L29: 5100 | M29: Activ | P29: denisa.florea318@technova.ro
A30: 1104 | B30: Gheorghe | C30: Diana | D30: F | E30: 33047 | F30: 43639 | G30: 50 | H30: Analist Financiar | I30: Mid | J30: București | K30: Full-time | L30: 6300 | M30: Activ | P30: diana.gheorghe104@technova.ro
A31: 1156 | B31: Lungu | C31: Vlad | D31: M | E31: 35232 | F31: 44888 | G31: 20 | H31: Key Account Manager | I31: Junior | J31: Iași | K31: Full-time | L31: 3450 | M31: Activ | P31: vlad.lungu156@technova.ro
A32: 1261 | B32: Gheorghe | C32: Alexandra | D32: F | E32: 30567 | F32: 44459 | G32: 60 | H32: Specialist Suport | I32: Junior | J32: Iași | K32: Full-time | L32: 2800 | M32: Activ | P32: alexandra.gheorghe261@technova.ro
A33: 1379 | B33: Popescu | C33: Florin | D33: M | E33: 31800 | F33: 42764 | G33: 10 | H33: Programator | I33: Junior | J33: București | K33: Full-time | L33: 5750 | M33: Activ | P33: florin.popescu379@technova.ro
A34: 1160 | B34: Nistor | C34: Roxana | D34: F | E34: 29909 | F34: 44968 | G34: 70 | H34: Coordonator Logistică | I34: Junior | J34: timișoara | K34: Part-time | L34: 3100 | M34: Activ | P34: roxana.nistor160@technova.ro
A35: 1226 | B35: Popa | C35: Cristian | D35: M | E35: 34918 | F35: 42783 | G35: 10 | H35: Tester QA | I35: Junior | J35: Cluj-Napoca | K35: Full-time | L35: 5200 | M35: Activ | P35: cristian.popa226@technova.ro
A36: 1464 | B36: Neagu | C36: Marius | D36: M | E36: 33576 | F36: 43071 | G36: 10 | H36: Programator | I36: Senior | J36: București | K36: Full-time | L36: 12350 | M36: Activ | P36: marius.neagu464@technova.ro
A37: 1389 | B37: DINU | C37: Vlad | D37: M | E37: 34852 | F37: 42928 | G37: 60 | H37: Specialist Suport | I37: Mid | J37: Iași | K37: Full-time | L37: 3900 | M37: Activ | P37: vlad.dinu389@technova.ro
A38: 1339 | B38: Nistor | C38: Sorin | D38: M | E38: 31256 | F38: 43593 | G38: 60 | H38: Specialist Suport | I38: Mid | J38: Iași | K38: Full-time | L38: 4250 | M38: Activ | P38: sorin.nistor339@technova.ro
A39: 1229 | B39: Constantin | C39: Mihai | D39: M | E39: 27503 | F39: 43908 | G39: 50 | H39: Manager Financiar | I39: Manager | J39: Timișoara | K39: Full-time | L39: 14050 | M39: Activ | P39: mihai.constantin229@technova.ro
A40: 1088 | B40: Oprea | C40: Alexandru | D40: M | E40: 31743 | F40: 45600 | G40: 20 | H40: Manager Vânzări | I40: Manager | J40: Iași | K40: Full-time | L40: 9150 | M40: Activ | P40: alexandru.oprea088@technova.ro
... A42: 1463 | B42: Tudor | C42: Ana | D42: Feminin | E42: 30359 | F42: 44724 | G42: 10 | H42: DevOps Engineer | I42: Senior | J42: București | K42: Full-time | L42: 12200 | M42: Activ | P42: ana.tudor463@technova.ro
A43: 1408 | B43: Dumitru | C43: Ionuț | D43: M | E43: 35025 | F43: 44547 | G43: 50 | H43: Contabil | I43: Junior | J43: București | K43: Full-time | L43: 4750 | M43: Plecat | N43: 44900 | O43: Pensionare | P43: ionut.dumitru408@technova.ro
A44: 1394 | B44: Dinu | C44: Roxana | D44: F | E44: 32625 | F44: 44159 | G44: 20 | H44: Key Account Manager | I44: Senior | J44: București | K44: Full-time | L44: 8300 | M44: Activ | P44: roxana.dinu394@technova.ro
A45: 1154 | B45: Barbu | C45: Andrei | D45: M | E45: 34869 | F45: 42920 | G45: 70 | H45: Coordonator Logistică | I45: Mid | J45: Timișoara | K45: Full-time | L45: 5950 | M45: Activ | P45: andrei.barbu154@technova.ro
A46: 1138 | B46: Ciobanu | C46: Bogdan | D46: M | E46: 30835 | F46: 43616 | G46: 80 | H46: Consilier Juridic | I46: Mid | J46: București | K46: Part-time | L46: 7450 | M46: Activ | P46: bogdan.ciobanu138@technova.ro
A47: 1128 | B47: IONESCU | C47: Denisa | D47: F | E47: 34643 | F47: 45891 | G47: 70 | H47: Specialist Operațiuni | I47: Senior | J47: Timișoara | K47: Full-time | L47: -7500 | M47: Activ | P47: denisa.ionescu128@technova.ro
A48: 1197 | B48: Marin | C48: Oana | D48: F | E48: 31159 | F48: 45364 | G48: 10 | H48: Programator | I48: Mid | J48: Cluj-Napoca | K48: Full-time | L48: 8500 | M48: Activ
A49: 1127 | B49: Cozma | C49: Alexandru | D49: M | E49: 34134 | F49: 44425 | G49: 10 | H49: Tester QA | I49: Junior | J49: Bucuresti | K49: Full-time | L49: 6650 | M49: Activ | P49: alexandru.cozma127@technova.ro
A50: 1162 | B50: Lungu | C50: Radu | D50: M | E50: 31995 | F50: 43950 | G50: 70 | H50: Manager Operațiuni | I50: Manager | J50: Timișoara | K50: Full-time | L50: 10050 | M50: Plecat | N50: 44269 | O50: Salariu mai bun în altă parte | P50: radu.lungu162@technova.ro
A51: 1215 | B51: Popescu | C51: Ionuț | D51: M | E51: 35282 | F51: 44952 | G51: 70 | H51: Coordonator Logistică | I51: Senior | J51: Timișoara | K51: Full-time | L51: 9150 | M51: Activ | P51: ionut.popescu215@technova.ro
A52: 1230 | B52: Tudor | C52: Denisa | D52: F | E52: 32591 | F52: 44305 | G52: 20 | H52: Key Account Manager | I52: Mid | J52: cluj-napoca | K52: Full-time | L52: 5650 | M52: Activ | P52: denisa.tudor230@technova.ro
A53: 1352 | B53: Dobre | C53: Ioana | D53: F | E53: 33491 | F53: 44382 | G53: 10 | H53: DevOps Engineer | I53: Junior | J53: București | K53: Full-time | L53: 6250 | M53: Activ | P53: ioana.dobre352@technova.ro
A54: 1335 | B54: Ciobanu | C54: Ioana | D54: F | E54: 31004 | F54: 44066 | G54: 40 | H54: Recruiter | I54: Senior | J54: Bucuresti | K54: Full-time | L54: 8150 | M54: Activ | P54: ioana.ciobanu335@technova.ro
A55: 1017 | B55: Popa | C55: Simona | D55: F | E55: 34001 | F55: 42419 | G55: 10 | H55: DevOps Engineer | I55: Junior | J55: București | K55: Full-time | L55: 4850 | M55: Activ | P55: simona.popa017@technova.ro
A56: 1015 | B56: Voicu | C56: Florin | D56: M | E56: 27114 | F56: 45363 | G56: 70 | H56: Coordonator Logistică | I56: Senior | J56: Timișoara | K56: Part-time | L56: 7750 | M56: Plecat | N56: 45872 | O56: Salariu mai bun în altă parte | P56: florin.voicu015@technova.ro
A57: 1041 | B57: Stan | C57: Ana | D57: F | E57: 31890 | F57: 44966 | G57: 70 | H57: Coordonator Logistică | I57: Mid | J57: București | K57: Full-time | L57: 5250 | M57: Plecat | N57: 45131 | O57: Lipsa oportunităților de promovare | P57: ana.stan041@technova.ro
A58: 1113 | B58: Florea | C58: Cristina | D58: F | E58: 34227 | F58: 45686 | G58: 10 | H58: DevOps Engineer | I58: Senior | J58: București | K58: Full-time | L58: 12000 | M58: Activ | P58: cristina.florea113@technova.ro
A59: 1052 | B59: Surdu | C59: Roxana | D59: F | E59: 28745 | F59: 45108 | G59: 60 | H59: Operator Call Center | I59: Senior | J59: Iași | K59: Full-time | L59: 6050 | M59: Activ | P59: roxana.surdu052@technova.ro
A60: 1211 | B60: Munteanu | C60: Daniel | D60: M | E60: 31948 | F60: 43825 | G60: 80 | H60: Consilier Juridic | I60: Mid | J60: București | K60: Full-time | L60: 7600 | M60: Activ | P60: daniel.munteanu211@technova.ro
A61: 1447 | B61: Stan | C61: Ioana | D61: F | E61: 30051 | F61: 44271 | G61: 10 | H61: DevOps Engineer | I61: Mid | J61: București | K61: Full-time | L61: 7650 | M61: Activ | P61: ioana.stan447@technova.ro
A62: 1044 | B62: Ciobanu | C62: Cătălin | D62: M | E62: 28171 | F62: 45340 | G62: 50 | H62: Manager Financiar | I62: Manager | J62: Iași | K62: Full-time | L62: 12350 | M62: Activ | P62: catalin.ciobanu044@technova.ro
A63: 1291 | B63: Tudor | C63: Cristian | D63: M | E63: 29877 | F63: 42630 | G63: 60 | H63: Operator Call Center | I63: Senior | J63: Iași | K63: Full-time | L63: 6900 | M63: Plecat | N63: 44046 | O63: Echilibru viață-muncă | P63: cristian.tudor291@technova.ro
A64: 1287 | B64: Rusu | C64: Ionuț | D64: M | E64: 33974 | F64: 42462 | G64: 10 | H64: Programator | I64: Junior | J64: București | K64: Full-time | L64: 7500 | M64: Activ | P64: ionut.rusu287@technova.ro
A65: 1329 | B65: Oprea | C65: Ionuț | D65: M | E65: 32818 | F65: 43958 | G65: 50 | H65: Analist Financiar | I65: Senior | J65: Iași | K65: Full-time | L65: 9400 | M65: Plecat | N65: 44626 | P65: ionut.oprea329@technova.ro
A66: 1244 | B66: Dobre | C66: Radu | D66: M | E66: 29448 | F66: 42669 | G66: 60 | H66: Operator Call Center | I66: Senior | J66: BUCUREȘTI | K66: Part-time | L66: 6850 | M66: Plecat | N66: 43120 | O66: Relocare | P66: radu.dobre244@technova.ro
A67: 1194 | B67: Popa | C67: Cristian | D67: M | E67: 31421 | F67: 45046 | G67: 50 | H67: Analist Financiar | I67: Mid | J67: Iași | K67: Full-time | L67: 6150 | M67: Activ | P67: cristian.popa194@technova.ro
A68: 1067 | B68: Matei | C68: Ion | D68: M | E68: 35305 | F68: 44474 | G68: 10 | H68: Tester QA | I68: Junior | J68: București | K68: Full-time | L68: 6200 | M68: Activ | P68: ion.matei067@technova.ro
A69: 1205 | B69: Surdu | C69: Radu | D69: M | E69: 29527 | F69: 45599 | G69: 60 | H69: Specialist Suport | I69: Junior | J69: Cluj-Napoca | K69: Full-time | L69: 2650 | M69: Activ | P69: radu.surdu205@technova.ro
A70: 1270 | B70: Dobre | C70: Roxana | D70: F | E70: 31467 | F70: 45668 | G70: 60 | H70: Specialist Suport | I70: Senior | J70: Iași | K70: Full-time | L70: 5900 | M70: Plecat | N70: 45876 | O70: Lipsa oportunităților de promovare | P70: roxana.dobre270@technova.ro
A71: 1440 | B71: Dinu | C71: Elena | D71: F | E71: 28501 | F71: 42889 | G71: 70 | H71: Manager Operațiuni | I71: Manager | J71: București | K71: Part-time | L71: 11300 | M71: Activ | P71: elena.dinu440@technova.ro
A72: 1306 | B72: Oprea | C72: Irina | D72: F | E72: 28272 | F72: 44691 | G72: 60 | H72: Specialist Suport | I72: Mid | J72: Iași | K72: Part-time | L72: 4200 | M72: Activ | P72: irina.oprea306@technova.ro
A73: 1016 | B73: Nistor | C73: Irina | D73: F | E73: 30991 | F73: 42609 | G73: 20 | H73: Agent Vânzări | I73: Junior | J73: București | K73: Full-time | L73: 3600 | M73: Activ | P73: irina.nistor016@technova.ro
A74: 1140 | B74: Matei | C74: Ionuț | D74: M | E74: 28514 | F74: 43602 | G74: 10 | H74: Tester QA | I74: Senior | J74: București | K74: Full-time | L74: 14200 | M74: Plecat | N74: 44615 | O74: Relația cu managerul | P74: ionut.matei140@technova.ro
A75: 1102 | B75: Ene | C75: Bogdan | D75: M | E75: 28018 | F75: 42736 | G75: 70 | H75: Coordonator Logistică | I75: Senior | J75: Timișoara | K75: Full-time | L75: 8150 | M75: Activ | P75: bogdan.ene102@technova.ro
A76: 1131 | B76: Cozma | C76: Raluca | D76: Feminin | E76: 33065 | F76: 43124 | G76: 70 | H76: Coordonator Logistică | I76: Junior | J76: Timișoara | K76: Full-time | L76: 3650 | M76: Activ | P76: raluca.cozma131@technova.ro
A77: 1359 | B77: Dumitru | C77: Oana | D77: F | E77: 35457 | F77: 42858 | G77: 10 | H77: Programator | I77: Junior | J77: București | K77: Full-time | L77: 6400 | M77: Activ | P77: oana.dumitru359@technova.ro
A78: 1068 | B78: Munteanu | C78: Ioana | D78: F | E78: 30240 | F78: 44255 | G78: 30 | H78: Specialist Marketing | I78: Mid | J78: București | K78: Full-time | L78: 5750 | M78: Activ | P78: ioana.munteanu068@technova.ro
A79: 1204 | B79: Munteanu | C79: Simona | D79: F | E79: 35846 | F79: 43855 | G79: 30 | H79: Content Creator | I79: Junior | J79: Cluj-Napoca | K79: Full-time | L79: 3550 | M79: Plecat | N79: 44428 | O79: Relația cu managerul | P79: simona.munteanu204@technova.ro
A80: 1452 | B80: Dinu | C80: Denisa | D80: F | E80: 34243 | F80: 42589 | G80: 10 | H80: Tester QA | I80: Senior | J80: București | K80: Full-time | L80: 12650 | M80: Activ
A81: 1454 | B81: Munteanu | C81: Oana | D81: F | E81: 32950 | F81: 45601 | G81: 50 | H81: Analist Financiar | I81: Junior | J81: Iași | K81: Full-time | L81: 4150 | M81: Plecat | N81: 45786 | O81: Echilibru viață-muncă | P81: oana.munteanu454@technova.ro
A82: 1180 | B82: Florea | C82: Gabriela | D82: Feminin | E82: 33567 | F82: 43843 | G82: 30 | H82: Specialist Marketing | I82: junior | J82: Cluj-Napoca | K82: Full-time | L82: 4250 | M82: Activ | P82: gabriela.florea180@technova.ro
A83: 1302 | B83: Sandu | C83: Mihaela | D83: F | E83: 31678 | F83: 42896 | G83: 40 | H83: Specialist HR | I83: Senior | J83: București | K83: Full-time | L83: 8350 | M83: Activ | P83: mihaela.sandu302@technova.ro
A84: 1108 | B84: POPESCU | C84: Alexandru | D84: M | E84: 31864 | F84: 43130 | G84: 60 | H84: Specialist Suport | I84: mid | J84: București | K84: Full-time | L84: 3550 | M84: Activ | P84: alexandru.popescu108@technova.ro
A85: 1103 | B85: Tudor | C85: Ioana | D85: f | E85: 31937 | F85: 45834 | G85: 10 | H85: DevOps Engineer | I85: Mid | J85: București | K85: Full-time | L85: 8800 | M85: Plecat | N85: 46019 | O85: Salariu mai bun în altă parte | P85: ioana.tudor103@technova.ro
A86: 1147 | B86: Cozma | C86: Ana | D86: F | E86: 31316 | F86: 42662 | G86: 40 | H86: Recruiter | I86: Mid | J86: București | K86: Full-time | L86: 4850 | M86: Activ | P86: ana.cozma147@technova.ro
A87: 1297 | B87: Toma | C87: Adrian | D87: M | E87: 29038 | F87: 44757 | G87: 10 | H87: Analist IT | I87: Mid | J87: Timișoara | K87: Full-time | L87: 7300 | M87: Activ | P87: adrian.toma297@technova.ro
A88: 1100 | B88: Popa | C88: Radu | D88: M | E88: 35674 | F88: 44443 | G88: 10 | H88: Programator | I88: Junior | J88: București | K88: Full-time | L88: 5650 | M88: Activ | P88: radu.popa100@technova.ro
A89: 1445 | B89: Cozma | C89: Ioana | D89: F | E89: 31305 | F89: 42876 | G89: 70 | H89: Coordonator Logistică | I89: Mid | J89: Timișoara | K89: Full-time | L89: 5200 | M89: Activ | P89: ioana.cozma445@technova.ro
A90: 1178 | B90: PREDA | C90: Ion | D90: M | E90: 33281 | F90: 43285 | G90: 40 | H90: Recruiter | I90: Mid | J90: BUCUREȘTI | K90: Full-time | L90: 5950 | M90: Activ | P90: ion.preda178@technova.ro
A91: 1256 | B91: Dinu | C91: Marius | D91: M | E91: 35066 | F91: 44079 | G91: 10 | H91: DevOps Engineer | I91: Junior | J91: București | K91: Full-time | L91: 5950 | M91: Activ | P91: marius.dinu256@technova.ro
A92: 1285 | B92: Popa | C92: Robert | D92: M | E92: 29014 | F92: 44534 | G92: 40 | H92: Specialist HR | I92: Senior | J92: Timișoara | K92: Full-time | L92: 10000 | M92: Activ | P92: robert.popa285@technova.ro
A93: 1190 | B93: Matei | C93: Adrian | D93: M | E93: 35058 | F93: 42375 | G93: 20 | H93: Key Account Manager | I93: Senior | J93: Bucuresti | K93: Full-time | L93: 7400 | M93: Plecat | N93: 44137 | O93: Lipsa oportunităților de promovare | P93: adrian.matei190@technova.ro
A94: 1377 | B94: Ene | C94: George | D94: M | E94: 34052 | F94: 45374 | G94: 10 | H94: DevOps Engineer | I94: Junior | J94: București | K94: Full-time | L94: 6650 | M94: Plecat | N94: 46018 | O94: Salariu mai bun în altă parte | P94: george.ene377@technova.ro
A95: 1314 | B95: Ionescu | C95: Robert | D95: M | E95: 32550 | F95: 44739 | G95: 20 | H95: Key Account Manager | I95: Mid | J95: București | K95: Full-time | L95: 5000 | M95: Plecat | N95: 45014 | O95: Salariu mai bun în altă parte | P95: robert.ionescu314@technova.ro
A96: 1385 | B96: Voicu | C96: Roxana | D96: F | E96: 35191 | F96: 43066 | G96: 10 | H96: Analist IT | I96: Mid | J96: București | K96: Full-time | L96: 7800 | M96: Activ | P96: roxana.voicu385@technova.ro
A97: 1305 | B97: Barbu | C97: Ionuț | D97: M | E97: 32178 | F97: 43354 | G97: 20 | H97: Manager Vânzări | I97: Manager | J97: București | K97: Full-time | L97: 9050 | M97: Activ | P97: ionut.barbu305@technova.ro
A98: 1084 | B98: Tudor | C98: Andreea | D98: F | E98: 30153 | F98: 44358 | G98: 30 | H98: Specialist Marketing | I98: Senior | J98: Bucuresti | K98: Full-time | L98: 9150 | M98: Plecat | N98: 45875 | O98: Relația cu managerul | P98: andreea.tudor084@technova.ro
A99: 1396 | B99: Preda | C99: Andreea | D99: F | E99: 34385 | F99: 45308 | G99: 70 | H99: Coordonator Logistică | I99: Senior | J99: București | K99: Full-time | L99: 7450 | M99: Activ | P99: andreea.preda396@technova.ro
A100: 1358 | B100: Dinu | C100: Mihaela | D100: F | E100: 36617 | F100: 45692 | G100: 60 | H100: Operator Call Center | I100: Mid | J100: Iași | K100: Full-time | L100: 4050 | M100: Activ | P100: mihaela.dinu358@technova.ro
A101: 1062 | B101: Stoica | C101: Denisa | D101: Feminin | E101: 32517 | F101: 44888 | G101: 30 | H101: Content Creator | I101: Junior | J101: Cluj-Napoca | K101: Full-time | L101: 4200 | M101: Activ | P101: denisa.stoica062@technova.ro
A102: 1341 | B102: Oprea | C102: Irina | D102: F | E102: 27428 | F102: 43095 | G102: 10 | H102: DevOps Engineer | I102: senior | J102: București | K102: Full-time | L102: 14500 | M102: Activ | P102: irina.oprea341@technova.ro
...

Sheet evaluari
A1: id_evaluare | B1: id_angajat | C1: an_evaluare | D1: scor_performanta | E1: satisfactie_angajat | F1: ore_suplimentare_lunare | G1: ore_training_anual | H1: zile_concediu_medical | I1: procent_bonus
A2: 1 | B2: 1001 | C2: 2023 | D2: 3 | E2: 6 | F2: 2 | G2: 35 | H2: 5 | I2: 4.9
A3: 4 | B3: 1002 | C3: 2023 | D3: 4 | E3: 6 | F3: 0 | G3: 36 | H3: 4 | I3: 7
A4: 7 | B4: 1003 | C4: 2023 | D4: 3 | F4: 9 | G4: 40 | H4: 9 | I4: 4.8
A5: 9 | B5: 1005 | C5: 2023 | D5: 3 | E5: 4 | F5: 16 | G5: 2 | H5: 8 | I5: 5.5
A6: 12 | B6: 1006 | C6: 2023 | D6: 5 | E6: 7 | F6: 0 | G6: 15 | H6: 5 | I6: 12.5
A7: 16 | B7: 1008 | C7: 2023 | D7: 4 | E7: 3 | F7: 0 | G7: 9 | H7: 7 | I7: 8.2
A8: 19 | B8: 1009 | C8: 2023 | D8: 3 | E8: 5 | F8: 10 | G8: 31 | H8: 6 | I8: 6.2
A9: 20 | B9: 1011 | C9: 2023 | D9: 3 | E9: 7 | F9: 7 | G9: 4 | H9: 3 | I9: 5.4
A10: 23 | B10: 1012 | C10: 2023 | D10: 4 | E10: 4 | F10: 6 | G10: 14 | H10: 4 | I10: 8.2
A11: 24 | B11: 1014 | C11: 2023 | D11: 2 | E11: 6 | F11: 9 | G11: 22 | H11: 8 | I11: 1.9
A12: 29 | B12: 1016 | C12: 2023 | D12: 4 | E12: 5 | F12: 4 | G12: 26 | H12: 5 | I12: 8.6
A13: 32 | B13: 1017 | C13: 2023 | D13: 4 | E13: 6 | F13: 1 | G13: 15 | H13: 4 | I13: 9.8
A14: 35 | B14: 1018 | C14: 2023 | D14: 3 | E14: 6 | F14: 15 | G14: 37 | H14: 2 | I14: 4.6
A15: 38 | B15: 1019 | C15: 2023 | D15: 4 | E15: 3 | F15: 10 | G15: 12 | H15: 6 | I15: 7.5
A16: 44 | B16: 1022 | C16: 2023 | D16: 3 | E16: 4 | F16: 14 | G16: 33 | H16: 7 | I16: 4.8
... A23: 65 | B23: 1030 | C23: 2023 | D23: 4 | E23: 4 | F23: 12 | G23: 29 | H23: 12 | I23: 7.6
A24: 68 | B24: 1031 | C24: 2023 | E24: 8 | F24: 12 | G24: 31 | H24: 3 | I24: 9.2
A25: 71 | B25: 1032 | C25: 2023 | D25: 4 | E25: 4 | F25: 0 | G25: 31 | H25: 5 | I25: 6.8
A26: 74 | B26: 1034 | C26: 2023 | D26: 2 | E26: 5 | F26: 0 | G26: 12 | H26: 8 | I26: 2.9
A27: 79 | B27: 1036 | C27: 2023 | D27: 3 | E27: 4 | F27: 10 | G27: 21 | H27: 8 | I27: 5.6
A28: 82 | B28: 1037 | C28: 2023 | D28: 4 | E28: 7 | F28: 16 | G28: 24 | H28: 4 | I28: 8.8
A29: 85 | B29: 1038 | C29: 2023 | D29: 4 | E29: 9 | F29: 9 | G29: 20 | H29: 7 | I29: 9.7
A30: 88 | B30: 1039 | C30: 2023 | D30: 3 | E30: 4 | F30: 7 | G30: 45 | H30: 7 | I30: 4.4
A31: 89 | B31: 1040 | C31: 2023 | D31: 4 | E31: 6 | F31: 25 | G31: 27 | H31: 0 | I31: 9.4
A32: 92 | B32: 1041 | C32: 2023 | D32: 5 | E32: 7 | F32: 8 | G32: 33 | H32: 4 | I32: 12.5
A33: 95 | B33: 1043 | C33: 2023 | D33: 3 | E33: 8 | F33: 7 | G33: 32 | H33: 4 | I33: 5.9
A34: 100 | B34: 1045 | C34: 2023 | D34: 2 | E34: 1 | F34: 1 | G34: 6 | H34: 11 | I34: 1.2
A35: 103 | B35: 1046 | C35: 2023 | D35: 3 | E35: 6 | F35: 11 | G35: 31 | H35: 3 | I35: 3.2
A36: 106 | B36: 1047 | C36: 2023 | D36: 4 | E36: 6 | F36: 2 | G36: 21 | H36: 8 | I36: 7.5
... A61: 193 | B61: 1082 | C61: 2023 | D61: 4 | E61: 7 | F61: 1 | G61: 27 | H61: 6 | I61: 7.8
A62: 196 | B62: 1083 | C62: 2023 | F62: 9 | G62: 43 | H62: 1 | I62: 13.1
A63: 199 | B63: 1084 | C63: 2023 | D63: 4 | E63: 6 | F63: 11 | G63: 20 | H63: 5 | I63: 8
A64: 202 | B64: 1085 | C64: 2023 | D64: 4 | E64: 5 | F64: 10 | G64: 22 | H64: 7 | I64: 7.6
A65: 203 | B65: 1086 | C65: 2023 | D65: 3 | E65: 7 | F65: 10 | G65: 30 | H65: 6 | I65: 4.2
A66: 206 | B66: 1087 | C66: 2023 | D66: 5 | E66: 6 | F66: 13 | G66: 33 | H66: 4 | I66: 13.2
A67: 211 | B67: 1089 | C67: 2023 | D67: 5 | E67: 6 | F67: 1 | G67: 28 | H67: 4 | I67: 13.1
A68: 216 | B68: 1092 | C68: 2023 | D68: 3 | E68: 10 | F68: 10 | G68: 28 | H68: 2 | I68: 6.4
A69: 220 | B69: 1094 | C69: 2023 | D69: 2 | F69: 1 | G69: 1 | H69: 5 | I69: 3
A70: 223 | B70: 1095 | C70: 2023 | D70: 5 | E70: 5 | F70: 17 | G70: 0 | H70: 6 | I70: 14.1
A71: 224 | B71: 1096 | C71: 2023 | D71: 3 | E71: 6 | F71: 12 | G71: 20 | H71: 7 | I71: 4.8
A72: 227 | B72: 1098 | C72: 2023 | E72: 6 | F72: 8 | G72: 15 | H72: 3 | I72: 6.5
A73: 230 | B73: 1099 | C73: 2023 | D73: 3 | E73: 6 | F73: 14 | G73: 37 | H73: 4 | I73: 5.7
A74: 233 | B74: 1100 | C74: 2023 | D74: 4 | F74: 6 | G74: 23 | H74: 7 | I74: 7.3
A75: 236 | B75: 1102 | C75: 2023 | D75: 4 | E75: 7 | F75: 10 | G75: 15 | H75: 2 | I75: 6.5
A76: 240 | B76: 1104 | C76: 2023 | D76: 4 | E76: 3 | F76: 14 | G76: 39 | H76: 10 | I76: 10.7
A77: 246 | B77: 1107 | C77: 2023 | D77: 4 | E77: 6 | F77: 14 | G77: 28 | H77: 5 | I77: 7.7
A78: 249 | B78: 1108 | C78: 2023 | D78: 4 | E78: 3 | F78: 10 | G78: 2 | H78: 6 | I78: 6.8
A79: 253 | B79: 1110 | C79: 2023 | D79: 4 | E79: 4 | F79: 8 | G79: 38 | H79: 8 | I79: 7.5
A80: 256 | B80: 1111 | C80: 2023 | D80: 4 | E80: 7 | F80: 12 | G80: 54 | H80: 5 | I80: 7.3
A81: 260 | B81: 1114 | C81: 2023 | D81: 3 | E81: 7 | F81: 0 | G81: 19 | H81: 3 | I81: 5.2
A82: 263 | B82: 1115 | C82: 2023 | D82: 3 | E82: 8 | F82: 3 | G82: 28 | H82: 2 | I82: 5.4
A83: 264 | B83: 1116 | C83: 2023 | D83: 2 | E83: 7 | F83: 9 | G83: 5 | H83: 5 | I83: 1.1
A84: 267 | B84: 1117 | C84: 2023 | D84: 3 | E84: 5 | F84: 18 | G84: 5 | H84: 6 | I84: 4.3
A85: 270 | B85: 1118 | C85: 2023 | D85: 3 | E85: 6 | F85: 10 | G85: 26 | H85: 5 | I85: 5.7
A86: 273 | B86: 1119 | C86: 2023 | D86: 4 | E86: 6 | F86: 7 | G86: 24 | H86: 6 | I86: 6.6
... A115: 364 | B115: 1160 | C115: 2023 | D115: 5 | E115: 4 | F115: 0 | G115: 22 | H115: 7 | I115: 11.1
A116: 367 | B116: 1161 | C116: 2023 | E116: 6 | F116: 5 | G116: 3 | H116: 5 | I116: 4.1
A117: 370 | B117: 1163 | C117: 2023 | D117: 5 | E117: 8 | F117: 0 | G117: 24 | H117: 4 | I117: 12.5
A118: 375 | B118: 1166 | C118: 2023 | D118: 5 | E118: 6 | F118: 16 | G118: 26 | H118: 4 | I118: 12.2
A119: 379 | B119: 1169 | C119: 2023 | D119: 5 | E119: 4 | F119: 10 | G119: 54 | H119: 9 | I119: 10.1
A120: 383 | B120: 1171 | C120: 2023 | D120: 3 | E120: 6 | F120: 3 | G120: 13 | H120: 1 | I120: 4.6
A121: 386 | B121: 1172 | C121: 2023 | D121: 4 | E121: 6 | F121: 7 | G121: 20 | H121: 5 | I121: 8.1
A122: 389 | B122: 1173 | C122: 2023 | D122: 3 | E122: 6 | F122: 0 | G122: 41 | H122: 5 | I122: 4
A123: 392 | B123: 1174 | C123: 2023 | D123: 3 | E123: 6 | F123: 11 | G123: 26 | H123: 2 | I123: 6
A124: 395 | B124: 1175 | C124: 2023 | D124: 5 | E124: 8 | F124: 6 | G124: 11 | H124: 0 | I124: 12.4
A125: 398 | B125: 1176 | C125: 2023 | D125: 3 | E125: 7 | F125: 0 | G125: 15 | H125: 5 | I125: 5.8
A126: 401 | B126: 1177 | C126: 2023 | D126: 5 | E126: 7 | F126: 0 | G126: 14 | H126: 4 | I126: 13.1
A127: 404 | B127: 1178 | C127: 2023 | D127: 3 | E127: 7 | F127: 2 | G127: 27 | H127: 2 | I127: 4.9
A128: 407 | B128: 1179 | C128: 2023 | D128: 4 | E128: 9 | F128: 0 | G128: 18 | H128: 3 | I128: 6.4
... A168: 537 | B168: 1235 | C168: 2023 | D168: 5 | E168: 4 | F168: 16 | G168: 27 | H168: 13 | I168: 12
A169: 540 | B169: 1236 | C169: 2023 | E169: 4 | F169: 4 | G169: 13 | H169: 9 | I169: 0.8
A170: 543 | B170: 1237 | C170: 2023 | D170: 4 | E170: 6 | F170: 0 | G170: 19 | H170: 8 | I170: 7.5
A171: 546 | B171: 1239 | C171: 2023 | D171: 3 | E171: 6 | F171: 9 | G171: 26 | H171: 2 | I171: 4.4
A172: 548 | B172: 1240 | C172: 2023 | D172: 2 | E172: 8 | F172: 9 | G172: 14 | H172: 2 | I172: 0.9
A173: 551 | B173: 1241 | C173: 2023 | D173: 4 | E173: 5 | F173: 9 | G173: 21 | H173: 7 | I173: 8.4
A174: 554 | B174: 1242 | C174: 2023 | D174: 2 | E174: 5 | F174: 13 | G174: 9 | H174: 9 | I174: 0.7
A175: 559 | B175: 1245 | C175: 2023 | D175: 3 | E175: 6 | F175: 4 | G175: 29 | H175: 3 | I175: 4
A176: 562 | B176: 1246 | C176: 2023 | D176: 3 | E176: 10 | F176: 8 | G176: 39 | H176: 4 | I176: 5
A177: 565 | B177: 1247 | C177: 2023 | D177: 5 | E177: 9 | F177: 2 | G177: 40 | H177: 5 | I177: 13.7
A178: 568 | B178: 1248 | C178: 2023 | D178: 4 | E178: 9 | F178: 13 | G178: 35 | H178: 4 | I178: 10
A179: 571 | B179: 1249 | C179: 2023 | D179: 3 | E179: 8 | F179: 3 | G179: 19 | H179: 3 | I179: 4.8
A180: 574 | B180: 1250 | C180: 2023 | D180: 3 | E180: 7 | F180: 4 | G180: 22 | H180: 3 | I180: 6.1
A181: 579 | B181: 1252 | C181: 2023 | D181: 3 | E181: 6 | F181: 8 | G181: 18 | H181: 1 | I181: 6.2
... A193: 613 | B193: 1266 | C193: 2023 | D193: 3 | E193: 7 | F193: 10 | G193: 23 | H193: 5 | I193: 5.1
A194: 616 | B194: 1267 | C194: 2023 | D194: 4 | F194: 15 | G194: 26 | H194: 3 | I194: 8.6
A195: 619 | B195: 1268 | C195: 2023 | D195: 3 | E195: 6 | F195: 16 | G195: 17 | H195: 4 | I195: 5.9
A196: 622 | B196: 1269 | C196: 2023 | D196: 3 | E196: 6 | F196: 8 | G196: 32 | H196: 4 | I196: 4.5
A197: 628 | B197: 1272 | C197: 2023 | D197: 4 | E197: 4 | F197: 7 | G197: 37 | H197: 8 | I197: 8.6
A198: 631 | B198: 1274 | C198: 2023 | D198: 4 | F198: 14 | G198: 55 | H198: 6 | I198: 7.4
A199: 634 | B199: 1275 | C199: 2023 | D199: 4 | E199: 9 | F199: 11 | G199: 22 | H199: 7 | I199: 7.2
A200: 637 | B200: 1276 | C200: 2023 | D200: 2 | E200: 6 | F200: 6 | G200: 22 | H200: 3 | I200: 2.6
A201: 640 | B201: 1278 | C201: 2023 | D201: 3 | E201: 8 | F201: 7 | G201: 24 | H201: 11 | I201: 3.1
A202: 644 | B202: 1280 | C202: 2023 | D202: 4 | E202: 7 | F202: 3 | G202: 31 | H202: 3 | I202: 9.1
A203: 647 | B203: 1281 | C203: 2023 | D203: 4 | E203: 6 | F203: 2 | G203: 14 | H203: 1 | I203: 9.1
A204: 651 | B204: 1283 | C204: 2023 | D204: 3 | E204: 10 | F204: 7 | G204: 20 | H204: 5 | I204: 4
A205: 654 | B205: 1284 | C205: 2023 | D205: 4 | E205: 9 | F205: 7 | G205: 20 | H205: 5 | I205: 8.2
A206: 657 | B206: 1285 | C206: 2023 | D206: 5 | F206: 1 | G206: 27 | H206: 4 | I206: 13.3
A207: 660 | B207: 1286 | C207: 2023 | D207: 3 | E207: 7 | F207: 15 | G207: 16 | H207: 1 | I207: 5.2
A208: 663 | B208: 1287 | C208: 2023 | D208: 3 | E208: 4 | F208: 8 | G208: 14 | H208: 7 | I208: 5.3
...

Sheet departamente
A1: id_departament | B1: nume_departament | C1: oras_sediu | D1: buget_anual_lei
A2: 10 | B2: IT | C2: București | D2: 4200000
A3: 20 | B3: Vânzări | C3: București | D3: 3100000
A4: 30 | B4: Marketing | C4: Cluj-Napoca | D4: 1500000
A5: 40 | B5: Resurse Umane | C5: București | D5: 900000
A6: 50 | B6: Financiar | C6: Iași | D6: 1300000
A7: 60 | B7: Suport Clienți | C7: Iași | D7: 2000000
A8: 70 | B8: Operațiuni | C8: Timișoara | D8: 2500000
A9: 80 | B9: Juridic | C9: București | D9: 700000

Sheet angajati_curat
A1: id_angajat | B1: nume | C1: prenume | D1: gen | E1: data_nasterii | F1: data_angajarii | G1: id_departament | H1: functie | I1: nivel | J1: oras | K1: tip_contract | L1: salariu_brut_lunar | M1: status | N1: data_plecarii | O1: motiv_plecare | P1: email | Q1: nume_departament | R1: varsta | S1: vechime_ani | T1: grupa_vechime | U1: plecat
A2: 1081 | B2: Voicu | C2: Bianca | D2: F | E2: 29381 | F2: 43120 | G2: 60 | H2: Manager Suport Clienți | I2: Manager | J2: București | K2: Full-time | L2: 8000 | M2: Plecat | N2: 45006 | O2: Relația cu managerul | P2: bianca.voicu081@technova.ro | Q2: =_xlfn.XLOOKUP(angajati__2[[#This Row],[id_departament]],departamente!A:A,departamente!B:B) -> Suport Clienți | R2: =DATEDIF(E2,DATE(2025,12,31), "y") -> 45 | S2: =ROUND(YEARFRAC(F2, IF(M2="Plecat", N2, DATE(2025,12,31)), 1), 1) -> 5.2 | T2: {=_xlfn.IFS( S2<1, "< 1 an", S2<3, "1–3 ani", S2<5, "3–5 ani", S2>=5, "> 5 ani" )} -> > 5 ani | U2: =IF(M2="Plecat", 1, 0) -> 1
A3: 1074 | B3: Nistor | C3: Cristian | D3: M | E3: 35862 | F3: 45497 | G3: 60 | H3: Operator Call Center | I3: Mid | J3: Timișoara | K3: Full-time | L3: 4100 | M3: Activ | P3: cristian.nistor074@technova.ro | Q3: =_xlfn.XLOOKUP(angajati__2[[#This Row],[id_departament]],departamente!A:A,departamente!B:B) -> Suport Clienți | R3: =DATEDIF(E3,DATE(2025,12,31), "y") -> 27 | S3: =ROUND(YEARFRAC(F3, IF(M3="Plecat", N3, DATE(2025,12,31)), 1), 1) -> 1.4 | T3: {=_xlfn.IFS( S3<1, "< 1 an", S3<3, "1–3 ani", S3<5, "3–5 ani", S3>=5, "> 5 ani" )} -> 1–3 ani | U3: =IF(M3="Plecat", 1, 0) -> 0
A4: 1135 | B4: Voicu | C4: Radu | D4: M | E4: 27401 | F4: 43248 | G4: 70 | H4: Coordonator Logistică | I4: Senior | J4: București | K4: Part-time | L4: 7800 | M4: Activ | P4: radu.voicu135@technova.ro | Q4: =_xlfn.XLOOKUP(angajati__2[[#This Row],[id_departament]],departamente!A:A,departamente!B:B) -> Operațiuni | R4: =DATEDIF(E4,DATE(2025,12,31), "y") -> 50 | S4: =ROUND(YEARFRAC(F4, IF(M4="Plecat", N4, DATE(2025,12,31)), 1), 1) -> 7.6 | T4: {=_xlfn.IFS( S4<1, "< 1 an", S4<3, "1–3 ani", S4<5, "3–5 ani", S4>=5, "> 5 ani" )} -> > 5 ani | U4: =IF(M4="Plecat", 1, 0) -> 0
A5: 1473 | B5: Popescu | C5: Florin | D5: M | E5: 34233 | F5: 43666 | G5: 10 | H5: Tester QA | I5: Junior | J5: Cluj-Napoca | K5: Full-time | L5: 6100 | M5: Activ | P5: florin.popescu473@technova.ro | Q5: =_xlfn.XLOOKUP(angajati__2[[#This Row],[id_departament]],departamente!A:A,departamente!B:B) -> IT | R5: =DATEDIF(E5,DATE(2025,12,31), "y") -> 32 | S5: =ROUND(YEARFRAC(F5, IF(M5="Plecat", N5, DATE(2025,12,31)), 1), 1) -> 6.4 | T5: {=_xlfn.IFS( S5<1, "< 1 an", S5<3, "1–3 ani", S5<5, "3–5 ani", S5>=5, "> 5 ani" )} -> > 5 ani | U5: =IF(M5="Plecat", 1, 0) -> 0
A6: 1145 | B6: Constantin | C6: Florin | D6: M | E6: 34452 | F6: 44808 | G6: 10 | H6: Analist IT | I6: Senior | J6: București | K6: Full-time | L6: 14500 | M6: Activ | P6: florin.constantin145@technova.ro | Q6: =_xlfn.XLOOKUP(angajati__2[[#This Row],[id_departament]],departamente!A:A,departamente!B:B) -> IT | R6: =DATEDIF(E6,DATE(2025,12,31), "y") -> 31 | S6: =ROUND(YEARFRAC(F6, IF(M6="Plecat", N6, DATE(2025,12,31)), 1), 1) -> 3.3 | T6: {=_xlfn.IFS( S6<1, "< 1 an", S6<3, "1–3 ani", S6<5, "3–5 ani", S6>=5, "> 5 ani" )} -> 3–5 ani | U6: =IF(M6="Plecat", 1, 0) -> 0
A7: 1038 | B7: Constantin | C7: Simona | D7: F | E7: 33039 | F7: 42929 | G7: 60 | H7: Manager Suport Clienți | I7: Manager | J7: Iași | K7: Full-time | L7: 8000 | M7: Activ | P7: simona.constantin038@technova.ro | Q7: =_xlfn.XLOOKUP(angajati__2[[#This Row],[id_departament]],departamente!A:A,departamente!B:B) -> Suport Clienți | R7: =DATEDIF(E7,DATE(2025,12,31), "y") -> 35 | S7: =ROUND(YEARFRAC(F7, IF(M7="Plecat", N7, DATE(2025,12,31)), 1), 1) -> 8.5 | T7: {=_xlfn.IFS( S7<1, "< 1 an", S7<3, "1–3 ani", S7<5, "3–5 ani", S7>=5, "> 5 ani" )} -> > 5 ani | U7: =IF(M7="Plecat", 1, 0) -> 0
A8: 1167 | B8: Barbu | C8: Cristian | D8: M | E8: 28122 | F8: 45662 | G8: 30 | H8: Content Creator | I8: Mid | J8: București | K8: Part-time | L8: 5950 | M8: Activ | P8: cristian.barbu167@technova.ro | Q8: =_xlfn.XLOOKUP(angajati__2[[#This Row],[id_departament]],departamente!A:A,departamente!B:B) -> Marketing | R8: =DATEDIF(E8,DATE(2025,12,31), "y") -> 49 | S8: =ROUND(YEARFRAC(F8, IF(M8="Plecat", N8, DATE(2025,12,31)), 1), 1) -> 1 | T8: {=_xlfn.IFS( S8<1, "< 1 an", S8<3, "1–3 ani", S8<5, "3–5 ani", S8>=5, "> 5 ani" )} -> 1–3 ani | U8: =IF(M8="Plecat", 1, 0) -> 0
A9: 1106 | B9: Sandu | C9: Andreea | D9: F | E9: 32723 | F9: 45296 | G9: 20 | H9: Manager Vânzări | I9: Manager | J9: București | K9: Full-time | L9: 11700 | M9: Plecat | N9: 45811 | O9: Relocare | P9: andreea.sandu106@technova.ro | Q9: =_xlfn.XLOOKUP(angajati__2[[#This Row],[id_departament]],departamente!A:A,departamente!B:B) -> Vânzări | R9: =DATEDIF(E9,DATE(2025,12,31), "y") -> 36 | S9: =ROUND(YEARFRAC(F9, IF(M9="Plecat", N9, DATE(2025,12,31)), 1), 1) -> 1.4 | T9: {=_xlfn.IFS( S9<1, "< 1 an", S9<3, "1–3 ani", S9<5, "3–5 ani", S9>=5, "> 5 ani" )} -> 1–3 ani | U9: =IF(M9="Plecat", 1, 0) -> 1
A10: 1082 | B10: Matei | C10: Ana | D10: F | E10: 29015 | F10: 43499 | G10: 70 | H10: Coordonator Logistică | I10: Senior | J10: Timișoara | K10: Full-time | L10: 6300 | M10: Activ | P10: ana.matei082@technova.ro | Q10: =_xlfn.XLOOKUP(angajati__2[[#This Row],[id_departament]],departamente!A:A,departamente!B:B) -> Operațiuni | R10: =DATEDIF(E10,DATE(2025,12,31), "y") -> 46 | S10: =ROUND(YEARFRAC(F10, IF(M10="Plecat", N10, DATE(2025,12,31)), 1), 1) -> 6.9 | T10: {=_xlfn.IFS( S10<1, "< 1 an", S10<3, "1–3 ani", S10<5, "3–5 ani", S10>=5, "> 5 ani" )} -> > 5 ani | U10: =IF(M10="Plecat", 1, 0) -> 0
A11: 1282 | B11: Preda | C11: Ana | D11: F | E11: 32317 | F11: 45792 | G11: 20 | H11: Agent Vânzări | I11: Mid | J11: București | K11: Full-time | L11: 5650 | M11: Activ | P11: ana.preda282@technova.ro | Q11: =_xlfn.XLOOKUP(angajati__2[[#This Row],[id_departament]],departamente!A:A,departamente!B:B) -> Vânzări | R11: =DATEDIF(E11,DATE(2025,12,31), "y") -> 37 | S11: =ROUND(YEARFRAC(F11, IF(M11="Plecat", N11, DATE(2025,12,31)), 1), 1) -> 0.6 | T11: {=_xlfn.IFS( S11<1, "< 1 an", S11<3, "1–3 ani", S11<5, "3–5 ani", S11>=5, "> 5 ani" )} -> < 1 an | U11: =IF(M11="Plecat", 1, 0) -> 0
A12: 1189 | B12: Florea | C12: Florin | D12: M | E12: 32560 | F12: 43703 | G12: 50 | H12: Contabil | I12: Senior | J12: București | K12: Full-time | L12: 10200 | M12: Activ | P12: florin.florea189@technova.ro | Q12: =_xlfn.XLOOKUP(angajati__2[[#This Row],[id_departament]],departamente!A:A,departamente!B:B) -> Financiar | R12: =DATEDIF(E12,DATE(2025,12,31), "y") -> 36 | S12: =ROUND(YEARFRAC(F12, IF(M12="Plecat", N12, DATE(2025,12,31)), 1), 1) -> 6.3 | T12: {=_xlfn.IFS( S12<1, "< 1 an", S12<3, "1–3 ani", S12<5, "3–5 ani", S12>=5, "> 5 ani" )} -> > 5 ani | U12: =IF(M12="Plecat", 1, 0) -> 0
A13: 1225 | B13: Marin | C13: Simona | D13: F | E13: 32621 | F13: 43376 | G13: 70 | H13: Manager Operațiuni | I13: Manager | J13: Timișoara | K13: Full-time | L13: 9550 | M13: Activ | P13: simona.marin225@technova.ro | Q13: =_xlfn.XLOOKUP(angajati__2[[#This Row],[id_departament]],departamente!A:A,departamente!B:B) -> Operațiuni | R13: =DATEDIF(E13,DATE(2025,12,31), "y") -> 36 | S13: =ROUND(YEARFRAC(F13, IF(M13="Plecat", N13, DATE(2025,12,31)), 1), 1) -> 7.2 | T13: {=_xlfn.IFS( S13<1, "< 1 an", S13<3, "1–3 ani", S13<5, "3–5 ani", S13>=5, "> 5 ani" )} -> > 5 ani | U13: =IF(M13="Plecat", 1, 0) -> 0
A14: 1133 | B14: Constantin | C14: Ana | D14: F | E14: 34006 | F14: 43835 | G14: 60 | H14: Specialist Suport | I14: Junior | J14: Iași | K14: Full-time | L14: 2750 | M14: Activ | P14: ana.constantin133@technova.ro | Q14: =_xlfn.XLOOKUP(angajati__2[[#This Row],[id_departament]],departamente!A:A,departamente!B:B) -> Suport Clienți | R14: =DATEDIF(E14,DATE(2025,12,31), "y") -> 32 | S14: =ROUND(YEARFRAC(F14, IF(M14="Plecat", N14, DATE(2025,12,31)), 1), 1) -> 6 | T14: {=_xlfn.IFS( S14<1, "< 1 an", S14<3, "1–3 ani", S14<5, "3–5 ani", S14>=5, "> 5 ani" )} -> > 5 ani | U14: =IF(M14="Plecat", 1, 0) -> 0
A15: 1267 | B15: Ionescu | C15: Mihai | D15: M | E15: 32646 | F15: 42689 | G15: 30 | H15: Content Creator | I15: Mid | J15: Cluj-Napoca | K15: Full-time | L15: 6700 | M15: Activ | P15: mihai.ionescu267@technova.ro | Q15: =_xlfn.XLOOKUP(angajati__2[[#This Row],[id_departament]],departamente!A:A,departamente!B:B) -> Marketing | R15: =DATEDIF(E15,DATE(2025,12,31), "y") -> 36 | S15: =ROUND(YEARFRAC(F15, IF(M15="Plecat", N15, DATE(2025,12,31)), 1), 1) -> 9.1 | T15: {=_xlfn.IFS( S15<1, "< 1 an", S15<3, "1–3 ani", S15<5, "3–5 ani", S15>=5, "> 5 ani" )} -> > 5 ani | U15: =IF(M15="Plecat", 1, 0) -> 0
A16: 1137 | B16: Voicu | C16: Bianca | D16: F | E16: 27309 | F16: 45771 | G16: 30 | H16: Content Creator | I16: Senior | J16: București | K16: Part-time | L16: 8900 | M16: Activ | P16: bianca.voicu137@technova.ro | Q16: =_xlfn.XLOOKUP(angajati__2[[#This Row],[id_departament]],departamente!A:A,departamente!B:B) -> Marketing | R16: =DATEDIF(E16,DATE(2025,12,31), "y") -> 51 | S16: =ROUND(YEARFRAC(F16, IF(M16="Plecat", N16, DATE(2025,12,31)), 1), 1) -> 0.7 | T16: {=_xlfn.IFS( S16<1, "< 1 an", S16<3, "1–3 ani", S16<5, "3–5 ani", S16>=5, "> 5 ani" )} -> < 1 an | U16: =IF(M16="Plecat", 1, 0) -> 0
A17: 1365 | B17: Stoica | C17: Radu | D17: M | E17: 32316 | F17: 45097 | G17: 70 | H17: Coordonator Logistică | I17: Junior | J17: Timișoara | K17: Full-time | L17: 3200 | M17: Activ | P17: radu.stoica365@technova.ro | Q17: =_xlfn.XLOOKUP(angajati__2[[#This Row],[id_departament]],departamente!A:A,departamente!B:B) -> Operațiuni | R17: =DATEDIF(E17,DATE(2025,12,31), "y") -> 37 | S17: =ROUND(YEARFRAC(F17, IF(M17="Plecat", N17, DATE(2025,12,31)), 1), 1) -> 2.5 | T17: {=_xlfn.IFS( S17<1, "< 1 an", S17<3, "1–3 ani", S17<5, "3–5 ani", S17>=5, "> 5 ani" )} -> 1–3 ani | U17: =IF(M17="Plecat", 1, 0) -> 0
A18: 1475 | B18: Constantin | C18: Bianca | D18: F | E18: 29213 | F18: 42724 | G18: 10 | H18: Programator | I18: Senior | J18: București | K18: Full-time | L18: 12350 | M18: Activ | P18: bianca.constantin475@technova.ro | Q18: =_xlfn.XLOOKUP(angajati__2[[#This Row],[id_departament]],departamente!A:A,departamente!B:B) -> IT | R18: =DATEDIF(E18,DATE(2025,12,31), "y") -> 46 | S18: =ROUND(YEARFRAC(F18, IF(M18="Plecat", N18, DATE(2025,12,31)), 1), 1) -> 9 | T18: {=_xlfn.IFS( S18<1, "< 1 an", S18<3, "1–3 ani", S18<5, "3–5 ani", S18>=5, "> 5 ani" )} -> > 5 ani | U18: =IF(M18="Plecat", 1, 0) -> 0
A19: 1028 | B19: Oprea | C19: Diana | D19: F | E19: 29943 | F19: 43945 | G19: 70 | H19: Coordonator Logistică | I19: Mid | J19: Timișoara | K19: Full-time | L19: 4550 | M19: Activ | P19: diana.oprea028@technova.ro | Q19: =_xlfn.XLOOKUP(angajati__2[[#This Row],[id_departament]],departamente!A:A,departamente!B:B) -> Operațiuni | R19: =DATEDIF(E19,DATE(2025,12,31), "y") -> 44 | S19: =ROUND(YEARFRAC(F19, IF(M19="Plecat", N19, DATE(2025,12,31)), 1), 1) -> 5.7 | T19: {=_xlfn.IFS( S19<1, "< 1 an", S19<3, "1–3 ani", S19<5, "3–5 ani", S19>=5, "> 5 ani" )} -> > 5 ani | U19: =IF(M19="Plecat", 1, 0) -> 0
A20: 1274 | B20: Dobre | C20: Simona | D20: F | E20: 33086 | F20: 44939 | G20: 10 | H20: Programator | I20: Mid | J20: București | K20: Full-time | L20: 9200 | M20: Activ | P20: simona.dobre274@technova.ro | Q20: =_xlfn.XLOOKUP(angajati__2[[#This Row],[id_departament]],departamente!A:A,departamente!B:B) -> IT | R20: =DATEDIF(E20,DATE(2025,12,31), "y") -> 35 | S20: =ROUND(YEARFRAC(F20, IF(M20="Plecat", N20, DATE(2025,12,31)), 1), 1) -> 3 | T20: {=_xlfn.IFS( S20<1, "< 1 an", S20<3, "1–3 ani", S20<5, "3–5 ani", S20>=5, "> 5 ani" )} -> 3–5 ani | U20: =IF(M20="Plecat", 1, 0) -> 0
A21: 1333 | B21: Stan | C21: Robert | D21: M | E21: 34085 | F21: 44036 | G21: 60 | H21: Specialist Suport | I21: Mid | J21: Iași | K21: Full-time | L21: 4300 | M21: Activ | P21: robert.stan333@technova.ro | Q21: =_xlfn.XLOOKUP(angajati__2[[#This Row],[id_departament]],departamente!A:A,departamente!B:B) -> Suport Clienți | R21: =DATEDIF(E21,DATE(2025,12,31), "y") -> 32 | S21: =ROUND(YEARFRAC(F21, IF(M21="Plecat", N21, DATE(2025,12,31)), 1), 1) -> 5.4 | T21: {=_xlfn.IFS( S21<1, "< 1 an", S21<3, "1–3 ani", S21<5, "3–5 ani", S21>=5, "> 5 ani" )} -> > 5 ani | U21: =IF(M21="Plecat", 1, 0) -> 0
... A23: 1191 | B23: Munteanu | C23: Bianca | D23: F | E23: 27885 | F23: 45518 | G23: 40 | H23: Specialist HR | I23: Mid | J23: București | K23: Full-time | L23: 6100 | M23: Activ | P23: bianca.munteanu191@technova.ro | Q23: =_xlfn.XLOOKUP(angajati__2[[#This Row],[id_departament]],departamente!A:A,departamente!B:B) -> Resurse Umane | R23: =DATEDIF(E23,DATE(2025,12,31), "y") -> 49 | S23: =ROUND(YEARFRAC(F23, IF(M23="Plecat", N23, DATE(2025,12,31)), 1), 1) -> 1.4 | T23: {=_xlfn.IFS( S23<1, "< 1 an", S23<3, "1–3 ani", S23<5, "3–5 ani", S23>=5, "> 5 ani" )} -> 1–3 ani | U23: =IF(M23="Plecat", 1, 0) -> 0
A24: 1322 | B24: Stan | C24: Robert | D24: M | E24: 30718 | F24: 42689 | G24: 20 | H24: Key Account Manager | I24: Mid | J24: București | K24: Full-time | L24: 5700 | M24: Plecat | N24: 44180 | O24: Salariu mai bun în altă parte | P24: robert.stan322@technova.ro | Q24: =_xlfn.XLOOKUP(angajati__2[[#This Row],[id_departament]],departamente!A:A,departamente!B:B) -> Vânzări | R24: =DATEDIF(E24,DATE(2025,12,31), "y") -> 41 | S24: =ROUND(YEARFRAC(F24, IF(M24="Plecat", N24, DATE(2025,12,31)), 1), 1) -> 4.1 | T24: {=_xlfn.IFS( S24<1, "< 1 an", S24<3, "1–3 ani", S24<5, "3–5 ani", S24>=5, "> 5 ani" )} -> 3–5 ani | U24: =IF(M24="Plecat", 1, 0) -> 1
A25: 1403 | B25: Popescu | C25: Ionuț | D25: M | E25: 27222 | F25: 43492 | G25: 10 | H25: DevOps Engineer | I25: Senior | J25: București | K25: Full-time | L25: 14650 | M25: Activ | P25: ionut.popescu403@technova.ro | Q25: =_xlfn.XLOOKUP(angajati__2[[#This Row],[id_departament]],departamente!A:A,departamente!B:B) -> IT | R25: =DATEDIF(E25,DATE(2025,12,31), "y") -> 51 | S25: =ROUND(YEARFRAC(F25, IF(M25="Plecat", N25, DATE(2025,12,31)), 1), 1) -> 6.9 | T25: {=_xlfn.IFS( S25<1, "< 1 an", S25<3, "1–3 ani", S25<5, "3–5 ani", S25>=5, "> 5 ani" )} -> > 5 ani | U25: =IF(M25="Plecat", 1, 0) -> 0
A26: 1058 | B26: Ionescu | C26: Bogdan | D26: M | E26: 28282 | F26: 43315 | G26: 70 | H26: Coordonator Logistică | I26: Senior | J26: Timișoara | K26: Full-time | L26: 8150 | M26: Activ | P26: bogdan.ionescu058@technova.ro | Q26: =_xlfn.XLOOKUP(angajati__2[[#This Row],[id_departament]],departamente!A:A,departamente!B:B) -> Operațiuni | R26: =DATEDIF(E26,DATE(2025,12,31), "y") -> 48 | S26: =ROUND(YEARFRAC(F26, IF(M26="Plecat", N26, DATE(2025,12,31)), 1), 1) -> 7.4 | T26: {=_xlfn.IFS( S26<1, "< 1 an", S26<3, "1–3 ani", S26<5, "3–5 ani", S26>=5, "> 5 ani" )} -> > 5 ani | U26: =IF(M26="Plecat", 1, 0) -> 0
A27: 1300 | B27: Dinu | C27: Marius | D27: M | E27: 36678 | F27: 44467 | G27: 30 | H27: Content Creator | I27: Junior | J27: Cluj-Napoca | K27: Full-time | L27: 3400 | M27: Activ | P27: marius.dinu300@technova.ro | Q27: =_xlfn.XLOOKUP(angajati__2[[#This Row],[id_departament]],departamente!A:A,departamente!B:B) -> Marketing | R27: =DATEDIF(E27,DATE(2025,12,31), "y") -> 25 | S27: =ROUND(YEARFRAC(F27, IF(M27="Plecat", N27, DATE(2025,12,31)), 1), 1) -> 4.3 | T27: {=_xlfn.IFS( S27<1, "< 1 an", S27<3, "1–3 ani", S27<5, "3–5 ani", S27>=5, "> 5 ani" )} -> 3–5 ani | U27: =IF(M27="Plecat", 1, 0) -> 0
A28: 1125 | B28: Toma | C28: Robert | D28: M | E28: 35131 | F28: 43222 | G28: 70 | H28: Specialist Operațiuni | I28: Mid | J28: Timișoara | K28: Full-time | L28: 5450 | M28: Plecat | N28: 44578 | O28: Lipsa oportunităților de promovare | P28: robert.toma125@technova.ro | Q28: =_xlfn.XLOOKUP(angajati__2[[#This Row],[id_departament]],departamente!A:A,departamente!B:B) -> Operațiuni | R28: =DATEDIF(E28,DATE(2025,12,31), "y") -> 29 | S28: =ROUND(YEARFRAC(F28, IF(M28="Plecat", N28, DATE(2025,12,31)), 1), 1) -> 3.7 | T28: {=_xlfn.IFS( S28<1, "< 1 an", S28<3, "1–3 ani", S28<5, "3–5 ani", S28>=5, "> 5 ani" )} -> 3–5 ani | U28: =IF(M28="Plecat", 1, 0) -> 1
A29: 1318 | B29: Florea | C29: Denisa | D29: F | E29: 29751 | F29: 44298 | G29: 40 | H29: Recruiter | I29: Mid | J29: București | K29: Full-time | L29: 5100 | M29: Activ | P29: denisa.florea318@technova.ro | Q29: =_xlfn.XLOOKUP(angajati__2[[#This Row],[id_departament]],departamente!A:A,departamente!B:B) -> Resurse Umane | R29: =DATEDIF(E29,DATE(2025,12,31), "y") -> 44 | S29: =ROUND(YEARFRAC(F29, IF(M29="Plecat", N29, DATE(2025,12,31)), 1), 1) -> 4.7 | T29: {=_xlfn.IFS( S29<1, "< 1 an", S29<3, "1–3 ani", S29<5, "3–5 ani", S29>=5, "> 5 ani" )} -> 3–5 ani | U29: =IF(M29="Plecat", 1, 0) -> 0
A30: 1104 | B30: Gheorghe | C30: Diana | D30: F | E30: 33047 | F30: 43639 | G30: 50 | H30: Analist Financiar | I30: Mid | J30: București | K30: Full-time | L30: 6300 | M30: Activ | P30: diana.gheorghe104@technova.ro | Q30: =_xlfn.XLOOKUP(angajati__2[[#This Row],[id_departament]],departamente!A:A,departamente!B:B) -> Financiar | R30: =DATEDIF(E30,DATE(2025,12,31), "y") -> 35 | S30: =ROUND(YEARFRAC(F30, IF(M30="Plecat", N30, DATE(2025,12,31)), 1), 1) -> 6.5 | T30: {=_xlfn.IFS( S30<1, "< 1 an", S30<3, "1–3 ani", S30<5, "3–5 ani", S30>=5, "> 5 ani" )} -> > 5 ani | U30: =IF(M30="Plecat", 1, 0) -> 0
A31: 1156 | B31: Lungu | C31: Vlad | D31: M | E31: 35232 | F31: 44888 | G31: 20 | H31: Key Account Manager | I31: Junior | J31: Iași | K31: Full-time | L31: 3450 | M31: Activ | P31: vlad.lungu156@technova.ro | Q31: =_xlfn.XLOOKUP(angajati__2[[#This Row],[id_departament]],departamente!A:A,departamente!B:B) -> Vânzări | R31: =DATEDIF(E31,DATE(2025,12,31), "y") -> 29 | S31: =ROUND(YEARFRAC(F31, IF(M31="Plecat", N31, DATE(2025,12,31)), 1), 1) -> 3.1 | T31: {=_xlfn.IFS( S31<1, "< 1 an", S31<3, "1–3 ani", S31<5, "3–5 ani", S31>=5, "> 5 ani" )} -> 3–5 ani | U31: =IF(M31="Plecat", 1, 0) -> 0
A32: 1261 | B32: Gheorghe | C32: Alexandra | D32: F | E32: 30567 | F32: 44459 | G32: 60 | H32: Specialist Suport | I32: Junior | J32: Iași | K32: Full-time | L32: 2800 | M32: Activ | P32: alexandra.gheorghe261@technova.ro | Q32: =_xlfn.XLOOKUP(angajati__2[[#This Row],[id_departament]],departamente!A:A,departamente!B:B) -> Suport Clienți | R32: =DATEDIF(E32,DATE(2025,12,31), "y") -> 42 | S32: =ROUND(YEARFRAC(F32, IF(M32="Plecat", N32, DATE(2025,12,31)), 1), 1) -> 4.3 | T32: {=_xlfn.IFS( S32<1, "< 1 an", S32<3, "1–3 ani", S32<5, "3–5 ani", S32>=5, "> 5 ani" )} -> 3–5 ani | U32: =IF(M32="Plecat", 1, 0) -> 0
A33: 1379 | B33: Popescu | C33: Florin | D33: M | E33: 31800 | F33: 42764 | G33: 10 | H33: Programator | I33: Junior | J33: București | K33: Full-time | L33: 5750 | M33: Activ | P33: florin.popescu379@technova.ro | Q33: =_xlfn.XLOOKUP(angajati__2[[#This Row],[id_departament]],departamente!A:A,departamente!B:B) -> IT | R33: =DATEDIF(E33,DATE(2025,12,31), "y") -> 38 | S33: =ROUND(YEARFRAC(F33, IF(M33="Plecat", N33, DATE(2025,12,31)), 1), 1) -> 8.9 | T33: {=_xlfn.IFS( S33<1, "< 1 an", S33<3, "1–3 ani", S33<5, "3–5 ani", S33>=5, "> 5 ani" )} -> > 5 ani | U33: =IF(M33="Plecat", 1, 0) -> 0
A34: 1160 | B34: Nistor | C34: Roxana | D34: F | E34: 29909 | F34: 44968 | G34: 70 | H34: Coordonator Logistică | I34: Junior | J34: Timișoara | K34: Part-time | L34: 3100 | M34: Activ | P34: roxana.nistor160@technova.ro | Q34: =_xlfn.XLOOKUP(angajati__2[[#This Row],[id_departament]],departamente!A:A,departamente!B:B) -> Operațiuni | R34: =DATEDIF(E34,DATE(2025,12,31), "y") -> 44 | S34: =ROUND(YEARFRAC(F34, IF(M34="Plecat", N34, DATE(2025,12,31)), 1), 1) -> 2.9 | T34: {=_xlfn.IFS( S34<1, "< 1 an", S34<3, "1–3 ani", S34<5, "3–5 ani", S34>=5, "> 5 ani" )} -> 1–3 ani | U34: =IF(M34="Plecat", 1, 0) -> 0
A35: 1226 | B35: Popa | C35: Cristian | D35: M | E35: 34918 | F35: 42783 | G35: 10 | H35: Tester QA | I35: Junior | J35: Cluj-Napoca | K35: Full-time | L35: 5200 | M35: Activ | P35: cristian.popa226@technova.ro | Q35: =_xlfn.XLOOKUP(angajati__2[[#This Row],[id_departament]],departamente!A:A,departamente!B:B) -> IT | R35: =DATEDIF(E35,DATE(2025,12,31), "y") -> 30 | S35: =ROUND(YEARFRAC(F35, IF(M35="Plecat", N35, DATE(2025,12,31)), 1), 1) -> 8.9 | T35: {=_xlfn.IFS( S35<1, "< 1 an", S35<3, "1–3 ani", S35<5, "3–5 ani", S35>=5, "> 5 ani" )} -> > 5 ani | U35: =IF(M35="Plecat", 1, 0) -> 0
A36: 1464 | B36: Neagu | C36: Marius | D36: M | E36: 33576 | F36: 43071 | G36: 10 | H36: Programator | I36: Senior | J36: București | K36: Full-time | L36: 12350 | M36: Activ | P36: marius.neagu464@technova.ro | Q36: =_xlfn.XLOOKUP(angajati__2[[#This Row],[id_departament]],departamente!A:A,departamente!B:B) -> IT | R36: =DATEDIF(E36,DATE(2025,12,31), "y") -> 34 | S36: =ROUND(YEARFRAC(F36, IF(M36="Plecat", N36, DATE(2025,12,31)), 1), 1) -> 8.1 | T36: {=_xlfn.IFS( S36<1, "< 1 an", S36<3, "1–3 ani", S36<5, "3–5 ani", S36>=5, "> 5 ani" )} -> > 5 ani | U36: =IF(M36="Plecat", 1, 0) -> 0
A37: 1389 | B37: Dinu | C37: Vlad | D37: M | E37: 34852 | F37: 42928 | G37: 60 | H37: Specialist Suport | I37: Mid | J37: Iași | K37: Full-time | L37: 3900 | M37: Activ | P37: vlad.dinu389@technova.ro | Q37: =_xlfn.XLOOKUP(angajati__2[[#This Row],[id_departament]],departamente!A:A,departamente!B:B) -> Suport Clienți | R37: =DATEDIF(E37,DATE(2025,12,31), "y") -> 30 | S37: =ROUND(YEARFRAC(F37, IF(M37="Plecat", N37, DATE(2025,12,31)), 1), 1) -> 8.5 | T37: {=_xlfn.IFS( S37<1, "< 1 an", S37<3, "1–3 ani", S37<5, "3–5 ani", S37>=5, "> 5 ani" )} -> > 5 ani | U37: =IF(M37="Plecat", 1, 0) -> 0
A38: 1339 | B38: Nistor | C38: Sorin | D38: M | E38: 31256 | F38: 43593 | G38: 60 | H38: Specialist Suport | I38: Mid | J38: Iași | K38: Full-time | L38: 4250 | M38: Activ | P38: sorin.nistor339@technova.ro | Q38: =_xlfn.XLOOKUP(angajati__2[[#This Row],[id_departament]],departamente!A:A,departamente!B:B) -> Suport Clienți | R38: =DATEDIF(E38,DATE(2025,12,31), "y") -> 40 | S38: =ROUND(YEARFRAC(F38, IF(M38="Plecat", N38, DATE(2025,12,31)), 1), 1) -> 6.6 | T38: {=_xlfn.IFS( S38<1, "< 1 an", S38<3, "1–3 ani", S38<5, "3–5 ani", S38>=5, "> 5 ani" )} -> > 5 ani | U38: =IF(M38="Plecat", 1, 0) -> 0
A39: 1229 | B39: Constantin | C39: Mihai | D39: M | E39: 27503 | F39: 43908 | G39: 50 | H39: Manager Financiar | I39: Manager | J39: Timișoara | K39: Full-time | L39: 14050 | M39: Activ | P39: mihai.constantin229@technova.ro | Q39: =_xlfn.XLOOKUP(angajati__2[[#This Row],[id_departament]],departamente!A:A,departamente!B:B) -> Financiar | R39: =DATEDIF(E39,DATE(2025,12,31), "y") -> 50 | S39: =ROUND(YEARFRAC(F39, IF(M39="Plecat", N39, DATE(2025,12,31)), 1), 1) -> 5.8 | T39: {=_xlfn.IFS( S39<1, "< 1 an", S39<3, "1–3 ani", S39<5, "3–5 ani", S39>=5, "> 5 ani" )} -> > 5 ani | U39: =IF(M39="Plecat", 1, 0) -> 0
A40: 1088 | B40: Oprea | C40: Alexandru | D40: M | E40: 31743 | F40: 45600 | G40: 20 | H40: Manager Vânzări | I40: Manager | J40: Iași | K40: Full-time | L40: 9150 | M40: Activ | P40: alexandru.oprea088@technova.ro | Q40: =_xlfn.XLOOKUP(angajati__2[[#This Row],[id_departament]],departamente!A:A,departamente!B:B) -> Vânzări | R40: =DATEDIF(E40,DATE(2025,12,31), "y") -> 39 | S40: =ROUND(YEARFRAC(F40, IF(M40="Plecat", N40, DATE(2025,12,31)), 1), 1) -> 1.2 | T40: {=_xlfn.IFS( S40<1, "< 1 an", S40<3, "1–3 ani", S40<5, "3–5 ani", S40>=5, "> 5 ani" )} -> 1–3 ani | U40: =IF(M40="Plecat", 1, 0) -> 0
... A42: 1463 | B42: Tudor | C42: Ana | D42: F | E42: 30359 | F42: 44724 | G42: 10 | H42: DevOps Engineer | I42: Senior | J42: București | K42: Full-time | L42: 12200 | M42: Activ | P42: ana.tudor463@technova.ro | Q42: =_xlfn.XLOOKUP(angajati__2[[#This Row],[id_departament]],departamente!A:A,departamente!B:B) -> IT | R42: =DATEDIF(E42,DATE(2025,12,31), "y") -> 42 | S42: =ROUND(YEARFRAC(F42, IF(M42="Plecat", N42, DATE(2025,12,31)), 1), 1) -> 3.6 | T42: {=_xlfn.IFS( S42<1, "< 1 an", S42<3, "1–3 ani", S42<5, "3–5 ani", S42>=5, "> 5 ani" )} -> 3–5 ani | U42: =IF(M42="Plecat", 1, 0) -> 0
A43: 1408 | B43: Dumitru | C43: Ionuț | D43: M | E43: 35025 | F43: 44547 | G43: 50 | H43: Contabil | I43: Junior | J43: București | K43: Full-time | L43: 4750 | M43: Plecat | N43: 44900 | O43: Pensionare | P43: ionut.dumitru408@technova.ro | Q43: =_xlfn.XLOOKUP(angajati__2[[#This Row],[id_departament]],departamente!A:A,departamente!B:B) -> Financiar | R43: =DATEDIF(E43,DATE(2025,12,31), "y") -> 30 | S43: =ROUND(YEARFRAC(F43, IF(M43="Plecat", N43, DATE(2025,12,31)), 1), 1) -> 1 | T43: {=_xlfn.IFS( S43<1, "< 1 an", S43<3, "1–3 ani", S43<5, "3–5 ani", S43>=5, "> 5 ani" )} -> 1–3 ani | U43: =IF(M43="Plecat", 1, 0) -> 1
A44: 1394 | B44: Dinu | C44: Roxana | D44: F | E44: 32625 | F44: 44159 | G44: 20 | H44: Key Account Manager | I44: Senior | J44: București | K44: Full-time | L44: 8300 | M44: Activ | P44: roxana.dinu394@technova.ro | Q44: =_xlfn.XLOOKUP(angajati__2[[#This Row],[id_departament]],departamente!A:A,departamente!B:B) -> Vânzări | R44: =DATEDIF(E44,DATE(2025,12,31), "y") -> 36 | S44: =ROUND(YEARFRAC(F44, IF(M44="Plecat", N44, DATE(2025,12,31)), 1), 1) -> 5.1 | T44: {=_xlfn.IFS( S44<1, "< 1 an", S44<3, "1–3 ani", S44<5, "3–5 ani", S44>=5, "> 5 ani" )} -> > 5 ani | U44: =IF(M44="Plecat", 1, 0) -> 0
A45: 1154 | B45: Barbu | C45: Andrei | D45: M | E45: 34869 | F45: 42920 | G45: 70 | H45: Coordonator Logistică | I45: Mid | J45: Timișoara | K45: Full-time | L45: 5950 | M45: Activ | P45: andrei.barbu154@technova.ro | Q45: =_xlfn.XLOOKUP(angajati__2[[#This Row],[id_departament]],departamente!A:A,departamente!B:B) -> Operațiuni | R45: =DATEDIF(E45,DATE(2025,12,31), "y") -> 30 | S45: =ROUND(YEARFRAC(F45, IF(M45="Plecat", N45, DATE(2025,12,31)), 1), 1) -> 8.5 | T45: {=_xlfn.IFS( S45<1, "< 1 an", S45<3, "1–3 ani", S45<5, "3–5 ani", S45>=5, "> 5 ani" )} -> > 5 ani | U45: =IF(M45="Plecat", 1, 0) -> 0
A46: 1138 | B46: Ciobanu | C46: Bogdan | D46: M | E46: 30835 | F46: 43616 | G46: 80 | H46: Consilier Juridic | I46: Mid | J46: București | K46: Part-time | L46: 7450 | M46: Activ | P46: bogdan.ciobanu138@technova.ro | Q46: =_xlfn.XLOOKUP(angajati__2[[#This Row],[id_departament]],departamente!A:A,departamente!B:B) -> Juridic | R46: =DATEDIF(E46,DATE(2025,12,31), "y") -> 41 | S46: =ROUND(YEARFRAC(F46, IF(M46="Plecat", N46, DATE(2025,12,31)), 1), 1) -> 6.6 | T46: {=_xlfn.IFS( S46<1, "< 1 an", S46<3, "1–3 ani", S46<5, "3–5 ani", S46>=5, "> 5 ani" )} -> > 5 ani | U46: =IF(M46="Plecat", 1, 0) -> 0
A47: 1128 | B47: Ionescu | C47: Denisa | D47: F | E47: 34643 | F47: 45891 | G47: 70 | H47: Specialist Operațiuni | I47: Senior | J47: Timișoara | K47: Full-time | L47: 7500 | M47: Activ | P47: denisa.ionescu128@technova.ro | Q47: =_xlfn.XLOOKUP(angajati__2[[#This Row],[id_departament]],departamente!A:A,departamente!B:B) -> Operațiuni | R47: =DATEDIF(E47,DATE(2025,12,31), "y") -> 31 | S47: =ROUND(YEARFRAC(F47, IF(M47="Plecat", N47, DATE(2025,12,31)), 1), 1) -> 0.4 | T47: {=_xlfn.IFS( S47<1, "< 1 an", S47<3, "1–3 ani", S47<5, "3–5 ani", S47>=5, "> 5 ani" )} -> < 1 an | U47: =IF(M47="Plecat", 1, 0) -> 0
A48: 1197 | B48: Marin | C48: Oana | D48: F | E48: 31159 | F48: 45364 | G48: 10 | H48: Programator | I48: Mid | J48: Cluj-Napoca | K48: Full-time | L48: 8500 | M48: Activ | Q48: =_xlfn.XLOOKUP(angajati__2[[#This Row],[id_departament]],departamente!A:A,departamente!B:B) -> IT | R48: =DATEDIF(E48,DATE(2025,12,31), "y") -> 40 | S48: =ROUND(YEARFRAC(F48, IF(M48="Plecat", N48, DATE(2025,12,31)), 1), 1) -> 1.8 | T48: {=_xlfn.IFS( S48<1, "< 1 an", S48<3, "1–3 ani", S48<5, "3–5 ani", S48>=5, "> 5 ani" )} -> 1–3 ani | U48: =IF(M48="Plecat", 1, 0) -> 0
A49: 1127 | B49: Cozma | C49: Alexandru | D49: M | E49: 34134 | F49: 44425 | G49: 10 | H49: Tester QA | I49: Junior | J49: București | K49: Full-time | L49: 6650 | M49: Activ | P49: alexandru.cozma127@technova.ro | Q49: =_xlfn.XLOOKUP(angajati__2[[#This Row],[id_departament]],departamente!A:A,departamente!B:B) -> IT | R49: =DATEDIF(E49,DATE(2025,12,31), "y") -> 32 | S49: =ROUND(YEARFRAC(F49, IF(M49="Plecat", N49, DATE(2025,12,31)), 1), 1) -> 4.4 | T49: {=_xlfn.IFS( S49<1, "< 1 an", S49<3, "1–3 ani", S49<5, "3–5 ani", S49>=5, "> 5 ani" )} -> 3–5 ani | U49: =IF(M49="Plecat", 1, 0) -> 0
A50: 1162 | B50: Lungu | C50: Radu | D50: M | E50: 31995 | F50: 43950 | G50: 70 | H50: Manager Operațiuni | I50: Manager | J50: Timișoara | K50: Full-time | L50: 10050 | M50: Plecat | N50: 44269 | O50: Salariu mai bun în altă parte | P50: radu.lungu162@technova.ro | Q50: =_xlfn.XLOOKUP(angajati__2[[#This Row],[id_departament]],departamente!A:A,departamente!B:B) -> Operațiuni | R50: =DATEDIF(E50,DATE(2025,12,31), "y") -> 38 | S50: =ROUND(YEARFRAC(F50, IF(M50="Plecat", N50, DATE(2025,12,31)), 1), 1) -> 0.9 | T50: {=_xlfn.IFS( S50<1, "< 1 an", S50<3, "1–3 ani", S50<5, "3–5 ani", S50>=5, "> 5 ani" )} -> < 1 an | U50: =IF(M50="Plecat", 1, 0) -> 1
A51: 1215 | B51: Popescu | C51: Ionuț | D51: M | E51: 35282 | F51: 44952 | G51: 70 | H51: Coordonator Logistică | I51: Senior | J51: Timișoara | K51: Full-time | L51: 9150 | M51: Activ | P51: ionut.popescu215@technova.ro | Q51: =_xlfn.XLOOKUP(angajati__2[[#This Row],[id_departament]],departamente!A:A,departamente!B:B) -> Operațiuni | R51: =DATEDIF(E51,DATE(2025,12,31), "y") -> 29 | S51: =ROUND(YEARFRAC(F51, IF(M51="Plecat", N51, DATE(2025,12,31)), 1), 1) -> 2.9 | T51: {=_xlfn.IFS( S51<1, "< 1 an", S51<3, "1–3 ani", S51<5, "3–5 ani", S51>=5, "> 5 ani" )} -> 1–3 ani | U51: =IF(M51="Plecat", 1, 0) -> 0
A52: 1230 | B52: Tudor | C52: Denisa | D52: F | E52: 32591 | F52: 44305 | G52: 20 | H52: Key Account Manager | I52: Mid | J52: Cluj-Napoca | K52: Full-time | L52: 5650 | M52: Activ | P52: denisa.tudor230@technova.ro | Q52: =_xlfn.XLOOKUP(angajati__2[[#This Row],[id_departament]],departamente!A:A,departamente!B:B) -> Vânzări | R52: =DATEDIF(E52,DATE(2025,12,31), "y") -> 36 | S52: =ROUND(YEARFRAC(F52, IF(M52="Plecat", N52, DATE(2025,12,31)), 1), 1) -> 4.7 | T52: {=_xlfn.IFS( S52<1, "< 1 an", S52<3, "1–3 ani", S52<5, "3–5 ani", S52>=5, "> 5 ani" )} -> 3–5 ani | U52: =IF(M52="Plecat", 1, 0) -> 0
A53: 1352 | B53: Dobre | C53: Ioana | D53: F | E53: 33491 | F53: 44382 | G53: 10 | H53: DevOps Engineer | I53: Junior | J53: București | K53: Full-time | L53: 6250 | M53: Activ | P53: ioana.dobre352@technova.ro | Q53: =_xlfn.XLOOKUP(angajati__2[[#This Row],[id_departament]],departamente!A:A,departamente!B:B) -> IT | R53: =DATEDIF(E53,DATE(2025,12,31), "y") -> 34 | S53: =ROUND(YEARFRAC(F53, IF(M53="Plecat", N53, DATE(2025,12,31)), 1), 1) -> 4.5 | T53: {=_xlfn.IFS( S53<1, "< 1 an", S53<3, "1–3 ani", S53<5, "3–5 ani", S53>=5, "> 5 ani" )} -> 3–5 ani | U53: =IF(M53="Plecat", 1, 0) -> 0
A54: 1335 | B54: Ciobanu | C54: Ioana | D54: F | E54: 31004 | F54: 44066 | G54: 40 | H54: Recruiter | I54: Senior | J54: București | K54: Full-time | L54: 8150 | M54: Activ | P54: ioana.ciobanu335@technova.ro | Q54: =_xlfn.XLOOKUP(angajati__2[[#This Row],[id_departament]],departamente!A:A,departamente!B:B) -> Resurse Umane | R54: =DATEDIF(E54,DATE(2025,12,31), "y") -> 41 | S54: =ROUND(YEARFRAC(F54, IF(M54="Plecat", N54, DATE(2025,12,31)), 1), 1) -> 5.4 | T54: {=_xlfn.IFS( S54<1, "< 1 an", S54<3, "1–3 ani", S54<5, "3–5 ani", S54>=5, "> 5 ani" )} -> > 5 ani | U54: =IF(M54="Plecat", 1, 0) -> 0
A55: 1017 | B55: Popa | C55: Simona | D55: F | E55: 34001 | F55: 42419 | G55: 10 | H55: DevOps Engineer | I55: Junior | J55: București | K55: Full-time | L55: 4850 | M55: Activ | P55: simona.popa017@technova.ro | Q55: =_xlfn.XLOOKUP(angajati__2[[#This Row],[id_departament]],departamente!A:A,departamente!B:B) -> IT | R55: =DATEDIF(E55,DATE(2025,12,31), "y") -> 32 | S55: =ROUND(YEARFRAC(F55, IF(M55="Plecat", N55, DATE(2025,12,31)), 1), 1) -> 9.9 | T55: {=_xlfn.IFS( S55<1, "< 1 an", S55<3, "1–3 ani", S55<5, "3–5 ani", S55>=5, "> 5 ani" )} -> > 5 ani | U55: =IF(M55="Plecat", 1, 0) -> 0
A56: 1015 | B56: Voicu | C56: Florin | D56: M | E56: 27114 | F56: 45363 | G56: 70 | H56: Coordonator Logistică | I56: Senior | J56: Timișoara | K56: Part-time | L56: 7750 | M56: Plecat | N56: 45872 | O56: Salariu mai bun în altă parte | P56: florin.voicu015@technova.ro | Q56: =_xlfn.XLOOKUP(angajati__2[[#This Row],[id_departament]],departamente!A:A,departamente!B:B) -> Operațiuni | R56: =DATEDIF(E56,DATE(2025,12,31), "y") -> 51 | S56: =ROUND(YEARFRAC(F56, IF(M56="Plecat", N56, DATE(2025,12,31)), 1), 1) -> 1.4 | T56: {=_xlfn.IFS( S56<1, "< 1 an", S56<3, "1–3 ani", S56<5, "3–5 ani", S56>=5, "> 5 ani" )} -> 1–3 ani | U56: =IF(M56="Plecat", 1, 0) -> 1
A57: 1041 | B57: Stan | C57: Ana | D57: F | E57: 31890 | F57: 44966 | G57: 70 | H57: Coordonator Logistică | I57: Mid | J57: București | K57: Full-time | L57: 5250 | M57: Plecat | N57: 45131 | O57: Lipsa oportunităților de promovare | P57: ana.stan041@technova.ro | Q57: =_xlfn.XLOOKUP(angajati__2[[#This Row],[id_departament]],departamente!A:A,departamente!B:B) -> Operațiuni | R57: =DATEDIF(E57,DATE(2025,12,31), "y") -> 38 | S57: =ROUND(YEARFRAC(F57, IF(M57="Plecat", N57, DATE(2025,12,31)), 1), 1) -> 0.5 | T57: {=_xlfn.IFS( S57<1, "< 1 an", S57<3, "1–3 ani", S57<5, "3–5 ani", S57>=5, "> 5 ani" )} -> < 1 an | U57: =IF(M57="Plecat", 1, 0) -> 1
A58: 1113 | B58: Florea | C58: Cristina | D58: F | E58: 34227 | F58: 45686 | G58: 10 | H58: DevOps Engineer | I58: Senior | J58: București | K58: Full-time | L58: 12000 | M58: Activ | P58: cristina.florea113@technova.ro | Q58: =_xlfn.XLOOKUP(angajati__2[[#This Row],[id_departament]],departamente!A:A,departamente!B:B) -> IT | R58: =DATEDIF(E58,DATE(2025,12,31), "y") -> 32 | S58: =ROUND(YEARFRAC(F58, IF(M58="Plecat", N58, DATE(2025,12,31)), 1), 1) -> 0.9 | T58: {=_xlfn.IFS( S58<1, "< 1 an", S58<3, "1–3 ani", S58<5, "3–5 ani", S58>=5, "> 5 ani" )} -> < 1 an | U58: =IF(M58="Plecat", 1, 0) -> 0
A59: 1052 | B59: Surdu | C59: Roxana | D59: F | E59: 28745 | F59: 45108 | G59: 60 | H59: Operator Call Center | I59: Senior | J59: Iași | K59: Full-time | L59: 6050 | M59: Activ | P59: roxana.surdu052@technova.ro | Q59: =_xlfn.XLOOKUP(angajati__2[[#This Row],[id_departament]],departamente!A:A,departamente!B:B) -> Suport Clienți | R59: =DATEDIF(E59,DATE(2025,12,31), "y") -> 47 | S59: =ROUND(YEARFRAC(F59, IF(M59="Plecat", N59, DATE(2025,12,31)), 1), 1) -> 2.5 | T59: {=_xlfn.IFS( S59<1, "< 1 an", S59<3, "1–3 ani", S59<5, "3–5 ani", S59>=5, "> 5 ani" )} -> 1–3 ani | U59: =IF(M59="Plecat", 1, 0) -> 0
A60: 1211 | B60: Munteanu | C60: Daniel | D60: M | E60: 31948 | F60: 43825 | G60: 80 | H60: Consilier Juridic | I60: Mid | J60: București | K60: Full-time | L60: 7600 | M60: Activ | P60: daniel.munteanu211@technova.ro | Q60: =_xlfn.XLOOKUP(angajati__2[[#This Row],[id_departament]],departamente!A:A,departamente!B:B) -> Juridic | R60: =DATEDIF(E60,DATE(2025,12,31), "y") -> 38 | S60: =ROUND(YEARFRAC(F60, IF(M60="Plecat", N60, DATE(2025,12,31)), 1), 1) -> 6 | T60: {=_xlfn.IFS( S60<1, "< 1 an", S60<3, "1–3 ani", S60<5, "3–5 ani", S60>=5, "> 5 ani" )} -> > 5 ani | U60: =IF(M60="Plecat", 1, 0) -> 0
A61: 1447 | B61: Stan | C61: Ioana | D61: F | E61: 30051 | F61: 44271 | G61: 10 | H61: DevOps Engineer | I61: Mid | J61: București | K61: Full-time | L61: 7650 | M61: Activ | P61: ioana.stan447@technova.ro | Q61: =_xlfn.XLOOKUP(angajati__2[[#This Row],[id_departament]],departamente!A:A,departamente!B:B) -> IT | R61: =DATEDIF(E61,DATE(2025,12,31), "y") -> 43 | S61: =ROUND(YEARFRAC(F61, IF(M61="Plecat", N61, DATE(2025,12,31)), 1), 1) -> 4.8 | T61: {=_xlfn.IFS( S61<1, "< 1 an", S61<3, "1–3 ani", S61<5, "3–5 ani", S61>=5, "> 5 ani" )} -> 3–5 ani | U61: =IF(M61="Plecat", 1, 0) -> 0
A62: 1044 | B62: Ciobanu | C62: Cătălin | D62: M | E62: 28171 | F62: 45340 | G62: 50 | H62: Manager Financiar | I62: Manager | J62: Iași | K62: Full-time | L62: 12350 | M62: Activ | P62: catalin.ciobanu044@technova.ro | Q62: =_xlfn.XLOOKUP(angajati__2[[#This Row],[id_departament]],departamente!A:A,departamente!B:B) -> Financiar | R62: =DATEDIF(E62,DATE(2025,12,31), "y") -> 48 | S62: =ROUND(YEARFRAC(F62, IF(M62="Plecat", N62, DATE(2025,12,31)), 1), 1) -> 1.9 | T62: {=_xlfn.IFS( S62<1, "< 1 an", S62<3, "1–3 ani", S62<5, "3–5 ani", S62>=5, "> 5 ani" )} -> 1–3 ani | U62: =IF(M62="Plecat", 1, 0) -> 0
A63: 1291 | B63: Tudor | C63: Cristian | D63: M | E63: 29877 | F63: 42630 | G63: 60 | H63: Operator Call Center | I63: Senior | J63: Iași | K63: Full-time | L63: 6900 | M63: Plecat | N63: 44046 | O63: Echilibru viață-muncă | P63: cristian.tudor291@technova.ro | Q63: =_xlfn.XLOOKUP(angajati__2[[#This Row],[id_departament]],departamente!A:A,departamente!B:B) -> Suport Clienți | R63: =DATEDIF(E63,DATE(2025,12,31), "y") -> 44 | S63: =ROUND(YEARFRAC(F63, IF(M63="Plecat", N63, DATE(2025,12,31)), 1), 1) -> 3.9 | T63: {=_xlfn.IFS( S63<1, "< 1 an", S63<3, "1–3 ani", S63<5, "3–5 ani", S63>=5, "> 5 ani" )} -> 3–5 ani | U63: =IF(M63="Plecat", 1, 0) -> 1
A64: 1287 | B64: Rusu | C64: Ionuț | D64: M | E64: 33974 | F64: 42462 | G64: 10 | H64: Programator | I64: Junior | J64: București | K64: Full-time | L64: 7500 | M64: Activ | P64: ionut.rusu287@technova.ro | Q64: =_xlfn.XLOOKUP(angajati__2[[#This Row],[id_departament]],departamente!A:A,departamente!B:B) -> IT | R64: =DATEDIF(E64,DATE(2025,12,31), "y") -> 32 | S64: =ROUND(YEARFRAC(F64, IF(M64="Plecat", N64, DATE(2025,12,31)), 1), 1) -> 9.7 | T64: {=_xlfn.IFS( S64<1, "< 1 an", S64<3, "1–3 ani", S64<5, "3–5 ani", S64>=5, "> 5 ani" )} -> > 5 ani | U64: =IF(M64="Plecat", 1, 0) -> 0
A65: 1329 | B65: Oprea | C65: Ionuț | D65: M | E65: 32818 | F65: 43958 | G65: 50 | H65: Analist Financiar | I65: Senior | J65: Iași | K65: Full-time | L65: 9400 | M65: Plecat | N65: 44626 | O65: Nespecificat | P65: ionut.oprea329@technova.ro | Q65: =_xlfn.XLOOKUP(angajati__2[[#This Row],[id_departament]],departamente!A:A,departamente!B:B) -> Financiar | R65: =DATEDIF(E65,DATE(2025,12,31), "y") -> 36 | S65: =ROUND(YEARFRAC(F65, IF(M65="Plecat", N65, DATE(2025,12,31)), 1), 1) -> 1.8 | T65: {=_xlfn.IFS( S65<1, "< 1 an", S65<3, "1–3 ani", S65<5, "3–5 ani", S65>=5, "> 5 ani" )} -> 1–3 ani | U65: =IF(M65="Plecat", 1, 0) -> 1
A66: 1244 | B66: Dobre | C66: Radu | D66: M | E66: 29448 | F66: 42669 | G66: 60 | H66: Operator Call Center | I66: Senior | J66: București | K66: Part-time | L66: 6850 | M66: Plecat | N66: 43120 | O66: Relocare | P66: radu.dobre244@technova.ro | Q66: =_xlfn.XLOOKUP(angajati__2[[#This Row],[id_departament]],departamente!A:A,departamente!B:B) -> Suport Clienți | R66: =DATEDIF(E66,DATE(2025,12,31), "y") -> 45 | S66: =ROUND(YEARFRAC(F66, IF(M66="Plecat", N66, DATE(2025,12,31)), 1), 1) -> 1.2 | T66: {=_xlfn.IFS( S66<1, "< 1 an", S66<3, "1–3 ani", S66<5, "3–5 ani", S66>=5, "> 5 ani" )} -> 1–3 ani | U66: =IF(M66="Plecat", 1, 0) -> 1
A67: 1194 | B67: Popa | C67: Cristian | D67: M | E67: 31421 | F67: 45046 | G67: 50 | H67: Analist Financiar | I67: Mid | J67: Iași | K67: Full-time | L67: 6150 | M67: Activ | P67: cristian.popa194@technova.ro | Q67: =_xlfn.XLOOKUP(angajati__2[[#This Row],[id_departament]],departamente!A:A,departamente!B:B) -> Financiar | R67: =DATEDIF(E67,DATE(2025,12,31), "y") -> 39 | S67: =ROUND(YEARFRAC(F67, IF(M67="Plecat", N67, DATE(2025,12,31)), 1), 1) -> 2.7 | T67: {=_xlfn.IFS( S67<1, "< 1 an", S67<3, "1–3 ani", S67<5, "3–5 ani", S67>=5, "> 5 ani" )} -> 1–3 ani | U67: =IF(M67="Plecat", 1, 0) -> 0
A68: 1067 | B68: Matei | C68: Ion | D68: M | E68: 35305 | F68: 44474 | G68: 10 | H68: Tester QA | I68: Junior | J68: București | K68: Full-time | L68: 6200 | M68: Activ | P68: ion.matei067@technova.ro | Q68: =_xlfn.XLOOKUP(angajati__2[[#This Row],[id_departament]],departamente!A:A,departamente!B:B) -> IT | R68: =DATEDIF(E68,DATE(2025,12,31), "y") -> 29 | S68: =ROUND(YEARFRAC(F68, IF(M68="Plecat", N68, DATE(2025,12,31)), 1), 1) -> 4.2 | T68: {=_xlfn.IFS( S68<1, "< 1 an", S68<3, "1–3 ani", S68<5, "3–5 ani", S68>=5, "> 5 ani" )} -> 3–5 ani | U68: =IF(M68="Plecat", 1, 0) -> 0
A69: 1205 | B69: Surdu | C69: Radu | D69: M | E69: 29527 | F69: 45599 | G69: 60 | H69: Specialist Suport | I69: Junior | J69: Cluj-Napoca | K69: Full-time | L69: 2650 | M69: Activ | P69: radu.surdu205@technova.ro | Q69: =_xlfn.XLOOKUP(angajati__2[[#This Row],[id_departament]],departamente!A:A,departamente!B:B) -> Suport Clienți | R69: =DATEDIF(E69,DATE(2025,12,31), "y") -> 45 | S69: =ROUND(YEARFRAC(F69, IF(M69="Plecat", N69, DATE(2025,12,31)), 1), 1) -> 1.2 | T69: {=_xlfn.IFS( S69<1, "< 1 an", S69<3, "1–3 ani", S69<5, "3–5 ani", S69>=5, "> 5 ani" )} -> 1–3 ani | U69: =IF(M69="Plecat", 1, 0) -> 0
A70: 1270 | B70: Dobre | C70: Roxana | D70: F | E70: 31467 | F70: 45668 | G70: 60 | H70: Specialist Suport | I70: Senior | J70: Iași | K70: Full-time | L70: 5900 | M70: Plecat | N70: 45876 | O70: Lipsa oportunităților de promovare | P70: roxana.dobre270@technova.ro | Q70: =_xlfn.XLOOKUP(angajati__2[[#This Row],[id_departament]],departamente!A:A,departamente!B:B) -> Suport Clienți | R70: =DATEDIF(E70,DATE(2025,12,31), "y") -> 39 | S70: =ROUND(YEARFRAC(F70, IF(M70="Plecat", N70, DATE(2025,12,31)), 1), 1) -> 0.6 | T70: {=_xlfn.IFS( S70<1, "< 1 an", S70<3, "1–3 ani", S70<5, "3–5 ani", S70>=5, "> 5 ani" )} -> < 1 an | U70: =IF(M70="Plecat", 1, 0) -> 1
A71: 1440 | B71: Dinu | C71: Elena | D71: F | E71: 28501 | F71: 42889 | G71: 70 | H71: Manager Operațiuni | I71: Manager | J71: București | K71: Part-time | L71: 11300 | M71: Activ | P71: elena.dinu440@technova.ro | Q71: =_xlfn.XLOOKUP(angajati__2[[#This Row],[id_departament]],departamente!A:A,departamente!B:B) -> Operațiuni | R71: =DATEDIF(E71,DATE(2025,12,31), "y") -> 47 | S71: =ROUND(YEARFRAC(F71, IF(M71="Plecat", N71, DATE(2025,12,31)), 1), 1) -> 8.6 | T71: {=_xlfn.IFS( S71<1, "< 1 an", S71<3, "1–3 ani", S71<5, "3–5 ani", S71>=5, "> 5 ani" )} -> > 5 ani | U71: =IF(M71="Plecat", 1, 0) -> 0
A72: 1306 | B72: Oprea | C72: Irina | D72: F | E72: 28272 | F72: 44691 | G72: 60 | H72: Specialist Suport | I72: Mid | J72: Iași | K72: Part-time | L72: 4200 | M72: Activ | P72: irina.oprea306@technova.ro | Q72: =_xlfn.XLOOKUP(angajati__2[[#This Row],[id_departament]],departamente!A:A,departamente!B:B) -> Suport Clienți | R72: =DATEDIF(E72,DATE(2025,12,31), "y") -> 48 | S72: =ROUND(YEARFRAC(F72, IF(M72="Plecat", N72, DATE(2025,12,31)), 1), 1) -> 3.6 | T72: {=_xlfn.IFS( S72<1, "< 1 an", S72<3, "1–3 ani", S72<5, "3–5 ani", S72>=5, "> 5 ani" )} -> 3–5 ani | U72: =IF(M72="Plecat", 1, 0) -> 0
A73: 1016 | B73: Nistor | C73: Irina | D73: F | E73: 30991 | F73: 42609 | G73: 20 | H73: Agent Vânzări | I73: Junior | J73: București | K73: Full-time | L73: 3600 | M73: Activ | P73: irina.nistor016@technova.ro | Q73: =_xlfn.XLOOKUP(angajati__2[[#This Row],[id_departament]],departamente!A:A,departamente!B:B) -> Vânzări | R73: =DATEDIF(E73,DATE(2025,12,31), "y") -> 41 | S73: =ROUND(YEARFRAC(F73, IF(M73="Plecat", N73, DATE(2025,12,31)), 1), 1) -> 9.3 | T73: {=_xlfn.IFS( S73<1, "< 1 an", S73<3, "1–3 ani", S73<5, "3–5 ani", S73>=5, "> 5 ani" )} -> > 5 ani | U73: =IF(M73="Plecat", 1, 0) -> 0
A74: 1140 | B74: Matei | C74: Ionuț | D74: M | E74: 28514 | F74: 43602 | G74: 10 | H74: Tester QA | I74: Senior | J74: București | K74: Full-time | L74: 14200 | M74: Plecat | N74: 44615 | O74: Relația cu managerul | P74: ionut.matei140@technova.ro | Q74: =_xlfn.XLOOKUP(angajati__2[[#This Row],[id_departament]],departamente!A:A,departamente!B:B) -> IT | R74: =DATEDIF(E74,DATE(2025,12,31), "y") -> 47 | S74: =ROUND(YEARFRAC(F74, IF(M74="Plecat", N74, DATE(2025,12,31)), 1), 1) -> 2.8 | T74: {=_xlfn.IFS( S74<1, "< 1 an", S74<3, "1–3 ani", S74<5, "3–5 ani", S74>=5, "> 5 ani" )} -> 1–3 ani | U74: =IF(M74="Plecat", 1, 0) -> 1
A75: 1102 | B75: Ene | C75: Bogdan | D75: M | E75: 28018 | F75: 42736 | G75: 70 | H75: Coordonator Logistică | I75: Senior | J75: Timișoara | K75: Full-time | L75: 8150 | M75: Activ | P75: bogdan.ene102@technova.ro | Q75: =_xlfn.XLOOKUP(angajati__2[[#This Row],[id_departament]],departamente!A:A,departamente!B:B) -> Operațiuni | R75: =DATEDIF(E75,DATE(2025,12,31), "y") -> 49 | S75: =ROUND(YEARFRAC(F75, IF(M75="Plecat", N75, DATE(2025,12,31)), 1), 1) -> 9 | T75: {=_xlfn.IFS( S75<1, "< 1 an", S75<3, "1–3 ani", S75<5, "3–5 ani", S75>=5, "> 5 ani" )} -> > 5 ani | U75: =IF(M75="Plecat", 1, 0) -> 0
A76: 1131 | B76: Cozma | C76: Raluca | D76: F | E76: 33065 | F76: 43124 | G76: 70 | H76: Coordonator Logistică | I76: Junior | J76: Timișoara | K76: Full-time | L76: 3650 | M76: Activ | P76: raluca.cozma131@technova.ro | Q76: =_xlfn.XLOOKUP(angajati__2[[#This Row],[id_departament]],departamente!A:A,departamente!B:B) -> Operațiuni | R76: =DATEDIF(E76,DATE(2025,12,31), "y") -> 35 | S76: =ROUND(YEARFRAC(F76, IF(M76="Plecat", N76, DATE(2025,12,31)), 1), 1) -> 7.9 | T76: {=_xlfn.IFS( S76<1, "< 1 an", S76<3, "1–3 ani", S76<5, "3–5 ani", S76>=5, "> 5 ani" )} -> > 5 ani | U76: =IF(M76="Plecat", 1, 0) -> 0
A77: 1359 | B77: Dumitru | C77: Oana | D77: F | E77: 35457 | F77: 42858 | G77: 10 | H77: Programator | I77: Junior | J77: București | K77: Full-time | L77: 6400 | M77: Activ | P77: oana.dumitru359@technova.ro | Q77: =_xlfn.XLOOKUP(angajati__2[[#This Row],[id_departament]],departamente!A:A,departamente!B:B) -> IT | R77: =DATEDIF(E77,DATE(2025,12,31), "y") -> 28 | S77: =ROUND(YEARFRAC(F77, IF(M77="Plecat", N77, DATE(2025,12,31)), 1), 1) -> 8.7 | T77: {=_xlfn.IFS( S77<1, "< 1 an", S77<3, "1–3 ani", S77<5, "3–5 ani", S77>=5, "> 5 ani" )} -> > 5 ani | U77: =IF(M77="Plecat", 1, 0) -> 0
A78: 1068 | B78: Munteanu | C78: Ioana | D78: F | E78: 30240 | F78: 44255 | G78: 30 | H78: Specialist Marketing | I78: Mid | J78: București | K78: Full-time | L78: 5750 | M78: Activ | P78: ioana.munteanu068@technova.ro | Q78: =_xlfn.XLOOKUP(angajati__2[[#This Row],[id_departament]],departamente!A:A,departamente!B:B) -> Marketing | R78: =DATEDIF(E78,DATE(2025,12,31), "y") -> 43 | S78: =ROUND(YEARFRAC(F78, IF(M78="Plecat", N78, DATE(2025,12,31)), 1), 1) -> 4.8 | T78: {=_xlfn.IFS( S78<1, "< 1 an", S78<3, "1–3 ani", S78<5, "3–5 ani", S78>=5, "> 5 ani" )} -> 3–5 ani | U78: =IF(M78="Plecat", 1, 0) -> 0
A79: 1204 | B79: Munteanu | C79: Simona | D79: F | E79: 35846 | F79: 43855 | G79: 30 | H79: Content Creator | I79: Junior | J79: Cluj-Napoca | K79: Full-time | L79: 3550 | M79: Plecat | N79: 44428 | O79: Relația cu managerul | P79: simona.munteanu204@technova.ro | Q79: =_xlfn.XLOOKUP(angajati__2[[#This Row],[id_departament]],departamente!A:A,departamente!B:B) -> Marketing | R79: =DATEDIF(E79,DATE(2025,12,31), "y") -> 27 | S79: =ROUND(YEARFRAC(F79, IF(M79="Plecat", N79, DATE(2025,12,31)), 1), 1) -> 1.6 | T79: {=_xlfn.IFS( S79<1, "< 1 an", S79<3, "1–3 ani", S79<5, "3–5 ani", S79>=5, "> 5 ani" )} -> 1–3 ani | U79: =IF(M79="Plecat", 1, 0) -> 1
A80: 1452 | B80: Dinu | C80: Denisa | D80: F | E80: 34243 | F80: 42589 | G80: 10 | H80: Tester QA | I80: Senior | J80: București | K80: Full-time | L80: 12650 | M80: Activ | Q80: =_xlfn.XLOOKUP(angajati__2[[#This Row],[id_departament]],departamente!A:A,departamente!B:B) -> IT | R80: =DATEDIF(E80,DATE(2025,12,31), "y") -> 32 | S80: =ROUND(YEARFRAC(F80, IF(M80="Plecat", N80, DATE(2025,12,31)), 1), 1) -> 9.4 | T80: {=_xlfn.IFS( S80<1, "< 1 an", S80<3, "1–3 ani", S80<5, "3–5 ani", S80>=5, "> 5 ani" )} -> > 5 ani | U80: =IF(M80="Plecat", 1, 0) -> 0
A81: 1454 | B81: Munteanu | C81: Oana | D81: F | E81: 32950 | F81: 45601 | G81: 50 | H81: Analist Financiar | I81: Junior | J81: Iași | K81: Full-time | L81: 4150 | M81: Plecat | N81: 45786 | O81: Echilibru viață-muncă | P81: oana.munteanu454@technova.ro | Q81: =_xlfn.XLOOKUP(angajati__2[[#This Row],[id_departament]],departamente!A:A,departamente!B:B) -> Financiar | R81: =DATEDIF(E81,DATE(2025,12,31), "y") -> 35 | S81: =ROUND(YEARFRAC(F81, IF(M81="Plecat", N81, DATE(2025,12,31)), 1), 1) -> 0.5 | T81: {=_xlfn.IFS( S81<1, "< 1 an", S81<3, "1–3 ani", S81<5, "3–5 ani", S81>=5, "> 5 ani" )} -> < 1 an | U81: =IF(M81="Plecat", 1, 0) -> 1
A82: 1180 | B82: Florea | C82: Gabriela | D82: F | E82: 33567 | F82: 43843 | G82: 30 | H82: Specialist Marketing | I82: Junior | J82: Cluj-Napoca | K82: Full-time | L82: 4250 | M82: Activ | P82: gabriela.florea180@technova.ro | Q82: =_xlfn.XLOOKUP(angajati__2[[#This Row],[id_departament]],departamente!A:A,departamente!B:B) -> Marketing | R82: =DATEDIF(E82,DATE(2025,12,31), "y") -> 34 | S82: =ROUND(YEARFRAC(F82, IF(M82="Plecat", N82, DATE(2025,12,31)), 1), 1) -> 6 | T82: {=_xlfn.IFS( S82<1, "< 1 an", S82<3, "1–3 ani", S82<5, "3–5 ani", S82>=5, "> 5 ani" )} -> > 5 ani | U82: =IF(M82="Plecat", 1, 0) -> 0
A83: 1302 | B83: Sandu | C83: Mihaela | D83: F | E83: 31678 | F83: 42896 | G83: 40 | H83: Specialist HR | I83: Senior | J83: București | K83: Full-time | L83: 8350 | M83: Activ | P83: mihaela.sandu302@technova.ro | Q83: =_xlfn.XLOOKUP(angajati__2[[#This Row],[id_departament]],departamente!A:A,departamente!B:B) -> Resurse Umane | R83: =DATEDIF(E83,DATE(2025,12,31), "y") -> 39 | S83: =ROUND(YEARFRAC(F83, IF(M83="Plecat", N83, DATE(2025,12,31)), 1), 1) -> 8.6 | T83: {=_xlfn.IFS( S83<1, "< 1 an", S83<3, "1–3 ani", S83<5, "3–5 ani", S83>=5, "> 5 ani" )} -> > 5 ani | U83: =IF(M83="Plecat", 1, 0) -> 0
A84: 1108 | B84: Popescu | C84: Alexandru | D84: M | E84: 31864 | F84: 43130 | G84: 60 | H84: Specialist Suport | I84: Mid | J84: București | K84: Full-time | L84: 3550 | M84: Activ | P84: alexandru.popescu108@technova.ro | Q84: =_xlfn.XLOOKUP(angajati__2[[#This Row],[id_departament]],departamente!A:A,departamente!B:B) -> Suport Clienți | R84: =DATEDIF(E84,DATE(2025,12,31), "y") -> 38 | S84: =ROUND(YEARFRAC(F84, IF(M84="Plecat", N84, DATE(2025,12,31)), 1), 1) -> 7.9 | T84: {=_xlfn.IFS( S84<1, "< 1 an", S84<3, "1–3 ani", S84<5, "3–5 ani", S84>=5, "> 5 ani" )} -> > 5 ani | U84: =IF(M84="Plecat", 1, 0) -> 0
A85: 1103 | B85: Tudor | C85: Ioana | D85: F | E85: 31937 | F85: 45834 | G85: 10 | H85: DevOps Engineer | I85: Mid | J85: București | K85: Full-time | L85: 8800 | M85: Plecat | N85: 46019 | O85: Salariu mai bun în altă parte | P85: ioana.tudor103@technova.ro | Q85: =_xlfn.XLOOKUP(angajati__2[[#This Row],[id_departament]],departamente!A:A,departamente!B:B) -> IT | R85: =DATEDIF(E85,DATE(2025,12,31), "y") -> 38 | S85: =ROUND(YEARFRAC(F85, IF(M85="Plecat", N85, DATE(2025,12,31)), 1), 1) -> 0.5 | T85: {=_xlfn.IFS( S85<1, "< 1 an", S85<3, "1–3 ani", S85<5, "3–5 ani", S85>=5, "> 5 ani" )} -> < 1 an | U85: =IF(M85="Plecat", 1, 0) -> 1
A86: 1147 | B86: Cozma | C86: Ana | D86: F | E86: 31316 | F86: 42662 | G86: 40 | H86: Recruiter | I86: Mid | J86: București | K86: Full-time | L86: 4850 | M86: Activ | P86: ana.cozma147@technova.ro | Q86: =_xlfn.XLOOKUP(angajati__2[[#This Row],[id_departament]],departamente!A:A,departamente!B:B) -> Resurse Umane | R86: =DATEDIF(E86,DATE(2025,12,31), "y") -> 40 | S86: =ROUND(YEARFRAC(F86, IF(M86="Plecat", N86, DATE(2025,12,31)), 1), 1) -> 9.2 | T86: {=_xlfn.IFS( S86<1, "< 1 an", S86<3, "1–3 ani", S86<5, "3–5 ani", S86>=5, "> 5 ani" )} -> > 5 ani | U86: =IF(M86="Plecat", 1, 0) -> 0
A87: 1297 | B87: Toma | C87: Adrian | D87: M | E87: 29038 | F87: 44757 | G87: 10 | H87: Analist IT | I87: Mid | J87: Timișoara | K87: Full-time | L87: 7300 | M87: Activ | P87: adrian.toma297@technova.ro | Q87: =_xlfn.XLOOKUP(angajati__2[[#This Row],[id_departament]],departamente!A:A,departamente!B:B) -> IT | R87: =DATEDIF(E87,DATE(2025,12,31), "y") -> 46 | S87: =ROUND(YEARFRAC(F87, IF(M87="Plecat", N87, DATE(2025,12,31)), 1), 1) -> 3.5 | T87: {=_xlfn.IFS( S87<1, "< 1 an", S87<3, "1–3 ani", S87<5, "3–5 ani", S87>=5, "> 5 ani" )} -> 3–5 ani | U87: =IF(M87="Plecat", 1, 0) -> 0
A88: 1100 | B88: Popa | C88: Radu | D88: M | E88: 35674 | F88: 44443 | G88: 10 | H88: Programator | I88: Junior | J88: București | K88: Full-time | L88: 5650 | M88: Activ | P88: radu.popa100@technova.ro | Q88: =_xlfn.XLOOKUP(angajati__2[[#This Row],[id_departament]],departamente!A:A,departamente!B:B) -> IT | R88: =DATEDIF(E88,DATE(2025,12,31), "y") -> 28 | S88: =ROUND(YEARFRAC(F88, IF(M88="Plecat", N88, DATE(2025,12,31)), 1), 1) -> 4.3 | T88: {=_xlfn.IFS( S88<1, "< 1 an", S88<3, "1–3 ani", S88<5, "3–5 ani", S88>=5, "> 5 ani" )} -> 3–5 ani | U88: =IF(M88="Plecat", 1, 0) -> 0
A89: 1445 | B89: Cozma | C89: Ioana | D89: F | E89: 31305 | F89: 42876 | G89: 70 | H89: Coordonator Logistică | I89: Mid | J89: Timișoara | K89: Full-time | L89: 5200 | M89: Activ | P89: ioana.cozma445@technova.ro | Q89: =_xlfn.XLOOKUP(angajati__2[[#This Row],[id_departament]],departamente!A:A,departamente!B:B) -> Operațiuni | R89: =DATEDIF(E89,DATE(2025,12,31), "y") -> 40 | S89: =ROUND(YEARFRAC(F89, IF(M89="Plecat", N89, DATE(2025,12,31)), 1), 1) -> 8.6 | T89: {=_xlfn.IFS( S89<1, "< 1 an", S89<3, "1–3 ani", S89<5, "3–5 ani", S89>=5, "> 5 ani" )} -> > 5 ani | U89: =IF(M89="Plecat", 1, 0) -> 0
A90: 1178 | B90: Preda | C90: Ion | D90: M | E90: 33281 | F90: 43285 | G90: 40 | H90: Recruiter | I90: Mid | J90: București | K90: Full-time | L90: 5950 | M90: Activ | P90: ion.preda178@technova.ro | Q90: =_xlfn.XLOOKUP(angajati__2[[#This Row],[id_departament]],departamente!A:A,departamente!B:B) -> Resurse Umane | R90: =DATEDIF(E90,DATE(2025,12,31), "y") -> 34 | S90: =ROUND(YEARFRAC(F90, IF(M90="Plecat", N90, DATE(2025,12,31)), 1), 1) -> 7.5 | T90: {=_xlfn.IFS( S90<1, "< 1 an", S90<3, "1–3 ani", S90<5, "3–5 ani", S90>=5, "> 5 ani" )} -> > 5 ani | U90: =IF(M90="Plecat", 1, 0) -> 0
A91: 1256 | B91: Dinu | C91: Marius | D91: M | E91: 35066 | F91: 44079 | G91: 10 | H91: DevOps Engineer | I91: Junior | J91: București | K91: Full-time | L91: 5950 | M91: Activ | P91: marius.dinu256@technova.ro | Q91: =_xlfn.XLOOKUP(angajati__2[[#This Row],[id_departament]],departamente!A:A,departamente!B:B) -> IT | R91: =DATEDIF(E91,DATE(2025,12,31), "y") -> 29 | S91: =ROUND(YEARFRAC(F91, IF(M91="Plecat", N91, DATE(2025,12,31)), 1), 1) -> 5.3 | T91: {=_xlfn.IFS( S91<1, "< 1 an", S91<3, "1–3 ani", S91<5, "3–5 ani", S91>=5, "> 5 ani" )} -> > 5 ani | U91: =IF(M91="Plecat", 1, 0) -> 0
A92: 1285 | B92: Popa | C92: Robert | D92: M | E92: 29014 | F92: 44534 | G92: 40 | H92: Specialist HR | I92: Senior | J92: Timișoara | K92: Full-time | L92: 10000 | M92: Activ | P92: robert.popa285@technova.ro | Q92: =_xlfn.XLOOKUP(angajati__2[[#This Row],[id_departament]],departamente!A:A,departamente!B:B) -> Resurse Umane | R92: =DATEDIF(E92,DATE(2025,12,31), "y") -> 46 | S92: =ROUND(YEARFRAC(F92, IF(M92="Plecat", N92, DATE(2025,12,31)), 1), 1) -> 4.1 | T92: {=_xlfn.IFS( S92<1, "< 1 an", S92<3, "1–3 ani", S92<5, "3–5 ani", S92>=5, "> 5 ani" )} -> 3–5 ani | U92: =IF(M92="Plecat", 1, 0) -> 0
A93: 1190 | B93: Matei | C93: Adrian | D93: M | E93: 35058 | F93: 42375 | G93: 20 | H93: Key Account Manager | I93: Senior | J93: București | K93: Full-time | L93: 7400 | M93: Plecat | N93: 44137 | O93: Lipsa oportunităților de promovare | P93: adrian.matei190@technova.ro | Q93: =_xlfn.XLOOKUP(angajati__2[[#This Row],[id_departament]],departamente!A:A,departamente!B:B) -> Vânzări | R93: =DATEDIF(E93,DATE(2025,12,31), "y") -> 30 | S93: =ROUND(YEARFRAC(F93, IF(M93="Plecat", N93, DATE(2025,12,31)), 1), 1) -> 4.8 | T93: {=_xlfn.IFS( S93<1, "< 1 an", S93<3, "1–3 ani", S93<5, "3–5 ani", S93>=5, "> 5 ani" )} -> 3–5 ani | U93: =IF(M93="Plecat", 1, 0) -> 1
A94: 1377 | B94: Ene | C94: George | D94: M | E94: 34052 | F94: 45374 | G94: 10 | H94: DevOps Engineer | I94: Junior | J94: București | K94: Full-time | L94: 6650 | M94: Plecat | N94: 46018 | O94: Salariu mai bun în altă parte | P94: george.ene377@technova.ro | Q94: =_xlfn.XLOOKUP(angajati__2[[#This Row],[id_departament]],departamente!A:A,departamente!B:B) -> IT | R94: =DATEDIF(E94,DATE(2025,12,31), "y") -> 32 | S94: =ROUND(YEARFRAC(F94, IF(M94="Plecat", N94, DATE(2025,12,31)), 1), 1) -> 1.8 | T94: {=_xlfn.IFS( S94<1, "< 1 an", S94<3, "1–3 ani", S94<5, "3–5 ani", S94>=5, "> 5 ani" )} -> 1–3 ani | U94: =IF(M94="Plecat", 1, 0) -> 1
A95: 1314 | B95: Ionescu | C95: Robert | D95: M | E95: 32550 | F95: 44739 | G95: 20 | H95: Key Account Manager | I95: Mid | J95: București | K95: Full-time | L95: 5000 | M95: Plecat | N95: 45014 | O95: Salariu mai bun în altă parte | P95: robert.ionescu314@technova.ro | Q95: =_xlfn.XLOOKUP(angajati__2[[#This Row],[id_departament]],departamente!A:A,departamente!B:B) -> Vânzări | R95: =DATEDIF(E95,DATE(2025,12,31), "y") -> 36 | S95: =ROUND(YEARFRAC(F95, IF(M95="Plecat", N95, DATE(2025,12,31)), 1), 1) -> 0.8 | T95: {=_xlfn.IFS( S95<1, "< 1 an", S95<3, "1–3 ani", S95<5, "3–5 ani", S95>=5, "> 5 ani" )} -> < 1 an | U95: =IF(M95="Plecat", 1, 0) -> 1
A96: 1385 | B96: Voicu | C96: Roxana | D96: F | E96: 35191 | F96: 43066 | G96: 10 | H96: Analist IT | I96: Mid | J96: București | K96: Full-time | L96: 7800 | M96: Activ | P96: roxana.voicu385@technova.ro | Q96: =_xlfn.XLOOKUP(angajati__2[[#This Row],[id_departament]],departamente!A:A,departamente!B:B) -> IT | R96: =DATEDIF(E96,DATE(2025,12,31), "y") -> 29 | S96: =ROUND(YEARFRAC(F96, IF(M96="Plecat", N96, DATE(2025,12,31)), 1), 1) -> 8.1 | T96: {=_xlfn.IFS( S96<1, "< 1 an", S96<3, "1–3 ani", S96<5, "3–5 ani", S96>=5, "> 5 ani" )} -> > 5 ani | U96: =IF(M96="Plecat", 1, 0) -> 0
A97: 1305 | B97: Barbu | C97: Ionuț | D97: M | E97: 32178 | F97: 43354 | G97: 20 | H97: Manager Vânzări | I97: Manager | J97: București | K97: Full-time | L97: 9050 | M97: Activ | P97: ionut.barbu305@technova.ro | Q97: =_xlfn.XLOOKUP(angajati__2[[#This Row],[id_departament]],departamente!A:A,departamente!B:B) -> Vânzări | R97: =DATEDIF(E97,DATE(2025,12,31), "y") -> 37 | S97: =ROUND(YEARFRAC(F97, IF(M97="Plecat", N97, DATE(2025,12,31)), 1), 1) -> 7.3 | T97: {=_xlfn.IFS( S97<1, "< 1 an", S97<3, "1–3 ani", S97<5, "3–5 ani", S97>=5, "> 5 ani" )} -> > 5 ani | U97: =IF(M97="Plecat", 1, 0) -> 0
A98: 1084 | B98: Tudor | C98: Andreea | D98: F | E98: 30153 | F98: 44358 | G98: 30 | H98: Specialist Marketing | I98: Senior | J98: București | K98: Full-time | L98: 9150 | M98: Plecat | N98: 45875 | O98: Relația cu managerul | P98: andreea.tudor084@technova.ro | Q98: =_xlfn.XLOOKUP(angajati__2[[#This Row],[id_departament]],departamente!A:A,departamente!B:B) -> Marketing | R98: =DATEDIF(E98,DATE(2025,12,31), "y") -> 43 | S98: =ROUND(YEARFRAC(F98, IF(M98="Plecat", N98, DATE(2025,12,31)), 1), 1) -> 4.2 | T98: {=_xlfn.IFS( S98<1, "< 1 an", S98<3, "1–3 ani", S98<5, "3–5 ani", S98>=5, "> 5 ani" )} -> 3–5 ani | U98: =IF(M98="Plecat", 1, 0) -> 1
A99: 1396 | B99: Preda | C99: Andreea | D99: F | E99: 34385 | F99: 45308 | G99: 70 | H99: Coordonator Logistică | I99: Senior | J99: București | K99: Full-time | L99: 7450 | M99: Activ | P99: andreea.preda396@technova.ro | Q99: =_xlfn.XLOOKUP(angajati__2[[#This Row],[id_departament]],departamente!A:A,departamente!B:B) -> Operațiuni | R99: =DATEDIF(E99,DATE(2025,12,31), "y") -> 31 | S99: =ROUND(YEARFRAC(F99, IF(M99="Plecat", N99, DATE(2025,12,31)), 1), 1) -> 2 | T99: {=_xlfn.IFS( S99<1, "< 1 an", S99<3, "1–3 ani", S99<5, "3–5 ani", S99>=5, "> 5 ani" )} -> 1–3 ani | U99: =IF(M99="Plecat", 1, 0) -> 0
A100: 1358 | B100: Dinu | C100: Mihaela | D100: F | E100: 36617 | F100: 45692 | G100: 60 | H100: Operator Call Center | I100: Mid | J100: Iași | K100: Full-time | L100: 4050 | M100: Activ | P100: mihaela.dinu358@technova.ro | Q100: =_xlfn.XLOOKUP(angajati__2[[#This Row],[id_departament]],departamente!A:A,departamente!B:B) -> Suport Clienți | R100: =DATEDIF(E100,DATE(2025,12,31), "y") -> 25 | S100: =ROUND(YEARFRAC(F100, IF(M100="Plecat", N100, DATE(2025,12,31)), 1), 1) -> 0.9 | T100: {=_xlfn.IFS( S100<1, "< 1 an", S100<3, "1–3 ani", S100<5, "3–5 ani", S100>=5, "> 5 ani" )} -> < 1 an | U100: =IF(M100="Plecat", 1, 0) -> 0
A101: 1062 | B101: Stoica | C101: Denisa | D101: F | E101: 32517 | F101: 44888 | G101: 30 | H101: Content Creator | I101: Junior | J101: Cluj-Napoca | K101: Full-time | L101: 4200 | M101: Activ | P101: denisa.stoica062@technova.ro | Q101: =_xlfn.XLOOKUP(angajati__2[[#This Row],[id_departament]],departamente!A:A,departamente!B:B) -> Marketing | R101: =DATEDIF(E101,DATE(2025,12,31), "y") -> 36 | S101: =ROUND(YEARFRAC(F101, IF(M101="Plecat", N101, DATE(2025,12,31)), 1), 1) -> 3.1 | T101: {=_xlfn.IFS( S101<1, "< 1 an", S101<3, "1–3 ani", S101<5, "3–5 ani", S101>=5, "> 5 ani" )} -> 3–5 ani | U101: =IF(M101="Plecat", 1, 0) -> 0
A102: 1341 | B102: Oprea | C102: Irina | D102: F | E102: 27428 | F102: 43095 | G102: 10 | H102: DevOps Engineer | I102: Senior | J102: București | K102: Full-time | L102: 14500 | M102: Activ | P102: irina.oprea341@technova.ro | Q102: =_xlfn.XLOOKUP(angajati__2[[#This Row],[id_departament]],departamente!A:A,departamente!B:B) -> IT | R102: =DATEDIF(E102,DATE(2025,12,31), "y") -> 50 | S102: =ROUND(YEARFRAC(F102, IF(M102="Plecat", N102, DATE(2025,12,31)), 1), 1) -> 8 | T102: {=_xlfn.IFS( S102<1, "< 1 an", S102<3, "1–3 ani", S102<5, "3–5 ani", S102>=5, "> 5 ani" )} -> > 5 ani | U102: =IF(M102="Plecat", 1, 0) -> 0
...

Sheet pivot
A2: Date extrase din tab-ul angajati_curat
A3: Numarul de angajati pe departament si nivel
A4: Count of id_angajat | B4: nivel
A5: nume_departament | B5: Junior | C5: Manager | D5: Mid | E5: Senior | F5: Grand Total
A6: Financiar | B6: 12 | C6: 3 | D6: 15 | E6: 6 | F6: 36
A7: IT | B7: 46 | C7: 10 | D7: 31 | E7: 25 | F7: 112
A8: Juridic | B8: 5 | D8: 8 | E8: 3 | F8: 16
A9: Marketing | B9: 13 | C9: 2 | D9: 15 | E9: 13 | F9: 43
A10: Operațiuni | B10: 19 | C10: 5 | D10: 33 | E10: 22 | F10: 79
A11: Resurse Umane | B11: 6 | C11: 1 | D11: 13 | E11: 5 | F11: 25
A12: Suport Clienți | B12: 24 | C12: 5 | D12: 31 | E12: 25 | F12: 85
A13: Vânzări | B13: 32 | C13: 9 | D13: 28 | E13: 15 | F13: 84
A14: Grand Total | B14: 157 | C14: 35 | D14: 174 | E14: 114 | F14: 480
A16: Salariul mediu pe departament si nivel
A17: Average of salariu_brut_lunar | B17: nivel
A18: nume_departament | B18: Junior | C18: Manager | D18: Mid | E18: Senior | F18: Grand Total
A19: Financiar | B19: 4708.3333 | C19: 13083.333 | D19: 6748.3333 | E19: 9325 | F19: 7025.6944
A20: IT | B20: 6169.5652 | C20: 16645 | D20: 8522.5806 | E20: 12986 | F20: 9277.6786
A21: Juridic | B21: 5230 | D21: 7818.75 | E21: 11183.333 | F21: 7640.625
A22: Marketing | B22: 3973.0769 | C22: 10175 | D22: 6140 | E22: 8813.4615 | F22: 6480.814
A23: Operațiuni | B23: 3626.3158 | C23: 10220 | D23: 5002.2727 | E23: 7684.0909 | F23: 5748.4177
A24: Resurse Umane | B24: 3841.6667 | C24: 11200 | D24: 5657.6923 | E24: 8620 | F24: 6036
A25: Suport Clienți | B25: 2843.75 | C25: 8110 | D25: 4134.6774 | E25: 6032 | F25: 4562.0588
A26: Vânzări | B26: 3770.3125 | C26: 10022.222 | D26: 5319.6429 | E26: 7786.6667 | F26: 5673.8095
A27: Grand Total | B27: 4451.9108 | C27: 11974.286 | D27: 5953.0172 | E27: 8846.2719 | F27: 6588.2292
A29: Rata de plecare per departament
A30: nume_departament | B30: Average of plecat
A31: Resurse Umane | B31: 0.12
A32: IT | B32: 0.16071429
A33: Operațiuni | B33: 0.16455696
A34: Financiar | B34: 0.19444444
A35: Marketing | B35: 0.23255814
A36: Juridic | B36: 0.25
A37: Suport Clienți | B37: 0.31764706
A38: Vânzări | B38: 0.39285714
A39: Grand Total | B39: 0.23958333

Sheet jurnal_curatare
A1: Coloana | B1: Problema | C1: Cate cazuri | D1: Ce am facut
A2: id_angajat!A1 | B2: Randuri duplicate | C2: 12 | D2: Data-Remove duplicates pe toate coloanele.
A3: nume!B1, prenume!C1 | B3: Spatii inainte sau dupa nume/prenume | C3: Valori pe 2 coloane | D3: Am folosit formula TRIM pe coloanele nume si prenume.
A4: nume!B1, prenume!C1 | B4: Nume si prenume scrise incorect | C4: Valori pe 2 coloane | D4: Am folosit formula PROPER pe coloanele nume, prenume, nivel si status.
A5: gen!D1, oras!J1, nivel!I1, status!M1 | B5: Valori nestandardizate pe coloanele gen, oras , nivel si status | C5: Valori pe 4 coloane | D5: Am folosit TRIM ce curata spatiile, UPPER/LOWER uniformizeaza textul, LEFT verifica primele litere, iar IF transformă toate variantele într-o singură forma standard. De asemenea, am folosit PROPER pentru nivel si status, pentru a avea doar termeni cu litera mare la inceput.
A6: data_nasterii!E1, data_angajarii!F1, data_plecarii!N1 | B6: Coerenta date | C6: Valori pe 3 coloane | D6: Pentru coerenta datelor de formatul zz.ll.aaaa, am folosit DATE cu LEFT/MID/RIGHT.
A7: id_departament!G1 | B7: 8 angajati nu au id_departament | C7: 8 | D7: Am folosit =IF(G2<>"", G2, XLOOKUP(H2, H:H, G:G)), unde daca G2 are deja un departament, atunci il pastreaza; iar daca G2 este gol, atunci cauta in tabel alti angajati cu aceeasi functie si returneaza departamentul lor.
A8: salariu_brut_lunar!L1 | B8: O valoare negativa si 2 valori prea mari pe coloana salariu_brut_lunar | C8: 1,2 | D8: Am folosit formula =IF(L2<=0, ABS(L2), IF(L2>30000, IF(L2/10 <= AVERAGEIFS($L:$L, $G:$G, G2, $I:$I, I2), L2/10, IF(L2/100 <= AVERAGEIFS($L:$L, $G:$G, G2, $I:$I, I2), L2/100, L2)), L2)). Daca salariul este negativ, il fac pozitiv; daca este mai mare de 30,000, incerc sa-l corectez impartindu-l la 10 sau la 100, dar doar daca noua valoare se potriveste cu salariile obisnuite din acelasi departament si nivel; altfel il las neschimbat.
A9: salariu_brut_lunar!L1 | B9: Salarii cu valoarea 0 | C9: 19 | D9: Am sters valorile de 0 si le-am tratat ca lipsa. Am folosit formula =IF(L2="", MEDIAN(FILTER($L$2:$L$481, ($G$2:$G$481=G2)*($I$2:$I$481=I2)*($L$2:$L$481<>""))), L2). Daca salariul lipseste, il completez cu mediana salariilor din acelasi departament si nivel; daca salariul exista, il las neschimbat.
A10: motiv_plecare!O1 | B10: Randuri fara motiv plecare | C10: 12 | D10: Am folosit formula =IF(AND(M7="Plecat", O7=""), "Nespecificat", O7). Daca angajatul este plecat si motivul plecarii lipseste, completez cu “Nespecificat”; altfel pastrez valoarea originala.
A11: email!P1 | B11: Randuri fara e-mail | C11: 10 | D11: Cu ajutorului unui =COUNTBLANK(P2:P481), am vazut ca sunt 10 randuri fara e-mail.
